Season,TeamName,Tempo,RankTempo,AdjTempo,RankAdjTempo,OE,RankOE,AdjOE,RankAdjOE,DE,RankDE,AdjDE,RankAdjDE,AdjEM,RankAdjEM,seed
2022,"Abilene Christian",70.9837,49,69.9104,44,101.622,183,102.991,182,95.5159,38,99.3582,105,3.6328,129,NULL
2022,"Air Force",63.428,347,63.158,340,92.9406,334,96.0428,305,104.316,245,103.815,196,-7.77245,257,NULL
2022,Akron,63.8375,344,62.0745,351,107.883,52,106.151,113,99.9619,131,102.661,166,3.48951,131,13
2022,Alabama,73.3157,10,71.7144,12,109.137,37,116.098,14,104.116,238,98.7358,94,17.3625,25,6
2022,"Alabama A&M",68.3935,163,66.4661,207,88.6957,354,87.5505,355,96.2221,47,101.052,134,-13.5019,317,NULL
2022,"Alabama St.",71.1919,45,69.3423,61,96.2452,289,97.2361,283,105.454,265,110.478,307,-13.2421,313,NULL
2022,Albany,65.8294,292,65.035,283,93.9074,325,92.3171,342,99.6633,126,102.952,173,-10.6352,291,NULL
2022,"Alcorn St.",69.007,118,67.7171,127,95.9798,296,97.2022,285,102.31,195,105.667,232,-8.46502,268,NULL
2022,American,65.5956,303,64.8182,295,96.1552,291,94.5285,324,107.435,291,110.811,319,-16.2826,332,NULL
2022,"Appalachian St.",64.7046,335,64.1005,325,100.223,209,101.719,199,99.9132,129,100.492,124,1.22665,156,NULL
2022,Arizona,72.9192,13,72.1752,8,115.613,6,119.64,5,92.5195,14,92.431,20,27.2089,2,1
2022,"Arizona St.",68.0421,177,67.1827,170,94.5235,314,101.401,208,97.2589,68,93.2385,23,8.1626,95,NULL
2022,Arkansas,72.0273,28,70.59,28,106.057,83,111.072,40,94.3928,28,92.0511,17,19.0214,20,4
2022,"Arkansas Pine Bluff",68.9177,125,67.0211,181,93.8129,326,97.9501,272,114.574,354,119.442,358,-21.4923,352,NULL
2022,"Arkansas St.",68.8801,128,68.2275,106,99.7506,220,100.214,234,99.1659,107,100.98,133,-0.76568,179,NULL
2022,Army,69.2482,105,68.6786,87,98.9232,245,96.6064,297,102.792,210,107.816,271,-11.2091,297,NULL
2022,Auburn,71.398,41,70.0205,40,108.347,47,113.602,24,92.1279,11,89.1491,8,24.453,10,2
2022,"Austin Peay",65.8389,291,64.5247,314,93.7918,328,95.1182,316,104.012,236,105.728,234,-10.6094,289,NULL
2022,"Ball St.",71.6843,35,69.8411,46,103.01,154,101.804,198,107.399,289,109.827,298,-8.02248,263,NULL
2022,Baylor,68.5501,149,67.2084,169,111.13,22,117.874,9,92.7023,15,91.5538,14,26.3204,5,1
2022,Bellarmine,63.3471,348,61.9093,353,107.226,62,108.229,82,110.806,335,110.611,312,-2.38275,199,NULL
2022,Belmont,69.9206,83,68.7928,79,109.283,36,108.581,74,95.842,42,98.5702,92,10.0104,82,NULL
2022,"Bethune Cookman",67.2119,227,65.6971,252,92.1625,340,93.2443,336,104.308,243,109.983,301,-16.7383,334,NULL
2022,Binghamton,67.2147,226,66.9834,182,97.1149,278,95.0265,317,103.701,227,105.913,238,-10.8868,293,NULL
2022,"Boise St.",64.907,332,64.6171,305,103.572,142,108.443,76,92.8519,16,92.0306,16,16.412,26,8
2022,"Boston College",65.4551,311,64.8346,294,100.854,202,104.015,159,102.202,192,100.535,126,3.47973,132,NULL
2022,"Boston University",65.2652,318,65.0823,279,107.334,60,105.753,123,102.268,193,109.117,287,-3.36461,210,NULL
2022,"Bowling Green",73.6989,7,72.6713,3,104.928,116,103.164,173,110.987,336,113.09,342,-9.9252,281,NULL
2022,Bradley,67.671,198,67.1234,173,103.066,152,105.138,136,95.8266,41,96.7023,60,8.43587,92,NULL
2022,Brown,69.1139,112,67.2499,164,100.073,215,100.485,224,102.166,191,103.387,183,-2.90163,205,NULL
2022,Bryant,72.1918,24,72.1799,7,105.275,106,104.211,154,100.608,145,105.162,218,-0.950484,183,16
2022,Bucknell,68.2197,172,67.5388,137,101.767,181,100.075,238,113.829,352,117.29,356,-17.2153,337,NULL
2022,Buffalo,72.1245,25,70.945,20,108.744,42,107.273,92,101.935,184,103.614,190,3.65895,127,NULL
2022,Butler,64.9435,329,63.7592,335,95.9444,297,102.581,189,103.394,222,98.8651,98,3.71558,126,NULL
2022,BYU,69.258,103,67.7621,124,105.277,105,110.273,52,97.8053,77,96.4516,56,13.8217,51,NULL
2022,"Cal Baptist",68.9466,123,67.5289,139,99.7253,221,99.1925,251,99.7915,128,103.411,184,-4.21834,222,NULL
2022,"Cal Poly",65.0334,326,64.545,313,92.0139,342,93.422,333,103.17,216,105.672,233,-12.2501,304,NULL
2022,"Cal St. Bakersfield",64.6115,336,64.2867,319,96.0004,295,98.0447,271,103.951,234,106.626,252,-8.58144,270,NULL
2022,"Cal St. Fullerton",66.5151,267,65.9926,239,103.807,135,104.656,144,99.3304,115,102.553,164,2.10306,149,15
2022,"Cal St. Northridge",65.2105,320,64.8522,293,91.5744,344,94.3929,327,107.987,306,110.123,303,-15.7303,331,NULL
2022,California,64.9564,328,63.962,329,96.3457,287,100.724,221,100.743,150,98.0937,82,2.63062,141,NULL
2022,Campbell,63.1272,349,62.3151,346,101.467,188,100.831,219,99.951,130,104.728,213,-3.89666,218,NULL
2022,Canisius,69.2679,102,68.1174,112,96.3401,288,97.1472,286,103.928,232,105.777,235,-8.62936,271,NULL
2022,"Central Arkansas",72.7998,17,71.7951,10,97.0158,279,98.9185,257,113.628,350,113.028,341,-14.11,320,NULL
2022,"Central Connecticut",66.1917,273,64.4898,315,92.295,338,91.5986,347,107.531,295,111.406,327,-19.8069,346,NULL
2022,"Central Michigan",68.8164,133,67.405,149,95.6397,302,96.6292,295,111.046,337,109.962,300,-13.3328,315,NULL
2022,Charleston,74.3115,2,73.4175,2,104.38,125,104.562,145,101.987,187,103.055,176,1.50633,154,NULL
2022,"Charleston Southern",69.7899,87,68.8418,77,91.5229,345,92.2791,343,110.017,328,112.79,340,-20.5107,350,NULL
2022,Charlotte,66.621,261,65.3523,265,104.73,122,104.976,138,107.073,283,107.525,267,-2.54873,202,NULL
2022,Chattanooga,65.5215,308,64.6362,302,111.059,24,110.028,58,99.6475,123,98.756,95,11.2724,72,13
2022,"Chicago St.",66.9022,248,65.5267,259,92.8099,335,95.7264,308,110.649,332,113.093,343,-17.3664,339,NULL
2022,Cincinnati,68.5406,150,67.442,147,101.03,200,104.492,150,96.7123,56,97.449,71,7.04257,101,NULL
2022,Clemson,66.6501,258,66.1535,226,106.832,69,109.955,59,102.007,188,99.56,112,10.3946,78,NULL
2022,"Cleveland St.",68.4255,160,67.588,133,107.401,56,103.693,168,101.328,167,106.281,247,-2.58815,203,NULL
2022,"Coastal Carolina",66.5855,265,66.0402,236,102.459,168,103.174,172,99.2356,109,102.305,161,0.869638,158,NULL
2022,Colgate,67.6928,197,67.2561,163,111.011,25,108.276,79,99.2826,110,104.059,203,4.21729,119,14
2022,Colorado,68.4655,157,67.2331,168,102.981,155,106.883,99,97.1845,65,95.4213,42,11.4614,70,NULL
2022,"Colorado St.",65.7368,297,65.0792,280,110.141,32,114.159,20,99.3144,113,98.3029,83,15.8566,31,6
2022,Columbia,70.7133,53,69.422,58,93.8094,327,93.3178,335,111.973,345,114.46,348,-21.1418,351,NULL
2022,Connecticut,67.0231,242,64.8837,291,109.555,34,113.924,21,95.4483,37,94.5963,35,19.3281,18,5
2022,"Coppin St.",74.0051,5,72.1229,9,90.6106,349,92.1057,345,101.149,164,103.812,195,-11.7067,301,NULL
2022,Cornell,72.9417,12,71.6332,16,104.175,129,103.629,169,104.161,239,105.372,224,-1.74335,192,NULL
2022,Creighton,68.0849,174,66.8916,189,100.292,208,105.588,124,96.1478,45,92.1195,18,13.4685,53,9
2022,Dartmouth,66.3531,270,64.582,311,98.5533,256,98.8765,258,101.009,159,101.333,143,-2.45604,200,NULL
2022,Davidson,65.6986,299,64.6212,304,113.241,13,116.781,11,100.016,135,101.978,152,14.8028,41,10
2022,Dayton,64.4367,339,62.9884,342,107.388,57,108.984,71,94.8763,32,95.7071,45,13.2768,57,NULL
2022,Delaware,67.7472,194,66.6342,199,107.166,63,106.849,100,102.824,213,104.566,212,2.283,145,15
2022,"Delaware St.",70.4527,67,68.3204,102,85.7651,356,86.3491,356,107.462,292,110.644,316,-24.295,356,NULL
2022,Denver,67.9128,183,66.2589,219,102.81,159,100.268,231,108.876,316,110.795,318,-10.5273,288,NULL
2022,DePaul,70.3993,71,68.6654,90,102.978,156,107.04,97,102.523,203,100.307,121,6.73293,102,NULL
2022,"Detroit Mercy",65.2978,316,64.6442,301,106.445,76,105.58,125,107.732,302,110.622,314,-5.04255,230,NULL
2022,"Dixie St.",72.8046,16,71.2695,17,93.5032,331,95.9542,306,103.932,233,105.017,216,-9.06257,275,NULL
2022,Drake,65.9712,284,66.0678,233,107.868,53,108.384,77,98.7542,101,98.594,93,9.78985,85,NULL
2022,Drexel,67.7862,190,66.3185,217,105.084,111,104.494,149,102.521,202,103.57,189,0.923925,157,NULL
2022,Duke,68.2765,168,67.3866,150,117.152,5,119.363,7,98.2346,85,95.6508,44,23.7124,12,2
2022,Duquesne,66.8408,252,65.7625,249,95.9154,298,98.9604,256,108.374,309,108.986,286,-10.0253,283,NULL
2022,"East Carolina",68.8117,134,67.5161,140,99.0249,242,102.799,185,102.395,199,103.874,197,-1.0754,185,NULL
2022,"East Tennessee St.",65.9795,283,65.2463,270,106.833,68,107.961,85,110.419,331,109.172,289,-1.21161,187,NULL
2022,"Eastern Illinois",66.3362,271,64.6355,303,82.0562,357,83.5344,357,107.59,296,108.91,282,-25.3753,357,NULL
2022,"Eastern Kentucky",71.6901,34,70.7724,23,103.311,149,101.367,209,105.283,258,109.359,293,-7.9917,260,NULL
2022,"Eastern Michigan",70.5386,62,69.101,67,94.9326,308,94.1293,330,106.325,272,107.392,264,-13.2625,314,NULL
2022,"Eastern Washington",70.5898,61,69.305,62,105.846,90,103.997,161,105.422,264,107.898,274,-3.90189,219,NULL
2022,Elon,66.9821,245,65.6889,253,97.3448,274,99.8212,243,108.404,310,107.16,260,-7.33909,253,NULL
2022,Evansville,64.2653,340,63.9531,330,89.165,353,92.998,338,108.615,312,106.85,254,-13.8524,319,NULL
2022,Fairfield,65.1204,323,64.1276,324,101.134,198,100.346,230,100.708,149,104.126,205,-3.78052,216,NULL
2022,"Fairleigh Dickinson",70.4124,69,69.5091,55,94.5021,315,94.9538,320,111.259,341,114.788,350,-19.8337,347,NULL
2022,FIU,68.04,178,66.6036,202,98.8943,246,97.5179,277,103.615,224,106.286,248,-8.7686,274,NULL
2022,Florida,66.482,268,64.8593,292,105.587,99,111.357,37,98.9264,104,98.066,80,13.2914,56,NULL
2022,"Florida A&M",66.8225,254,65.3883,264,94.384,318,94.9704,319,102.271,194,107.766,270,-12.7959,310,NULL
2022,"Florida Atlantic",68.4991,153,67.2468,166,107.102,64,106.269,109,100.057,136,102.372,163,3.89658,122,NULL
2022,"Florida Gulf Coast",69.8118,86,69.6685,50,106.342,78,104.335,152,103.921,231,107.422,265,-3.08783,209,NULL
2022,"Florida St.",68.6182,143,67.7213,126,102.666,162,104.952,139,104.293,242,99.6061,113,5.34586,109,NULL
2022,Fordham,68.6289,142,67.5434,136,94.8155,309,94.6998,322,95.5661,39,95.3433,41,-0.643445,177,NULL
2022,"Fresno St.",61.6437,356,60.7756,356,102.479,167,105.078,137,93.1935,21,93.4013,25,11.6767,69,NULL
2022,Furman,65.5796,305,64.7412,297,114.155,10,113.914,22,102.862,214,103.063,177,10.8501,75,NULL
2022,"Gardner Webb",68.3161,166,67.356,151,98.7456,251,96.6233,296,95.3064,33,96.8385,62,-0.215266,171,NULL
2022,"George Mason",66.5241,266,64.7144,298,103.979,132,105.993,116,100.685,148,101.289,141,4.70439,115,NULL
2022,"George Washington",69.658,89,68.7883,80,96.9272,281,99.4866,248,103.395,223,104.026,201,-4.53962,227,NULL
2022,Georgetown,71.0177,48,69.9192,43,99.496,230,104.915,140,108.658,313,105.452,225,-0.537182,176,NULL
2022,Georgia,69.8156,85,68.4919,94,100.006,217,106.807,102,112.441,349,110.862,321,-4.05589,220,NULL
2022,"Georgia Southern",66.3974,269,65.9915,240,94.7845,310,96.3503,301,100.811,153,103.343,182,-6.9932,251,NULL
2022,"Georgia St.",67.7572,192,67.1142,174,99.6748,224,101.532,201,97.8036,76,99.6875,114,1.84485,151,16
2022,"Georgia Tech",68.5539,147,67.9364,116,96.9692,280,99.9885,240,102.649,208,99.7648,115,0.223692,167,NULL
2022,Gonzaga,73.7703,6,72.4831,4,118.885,2,121.805,1,88.5732,3,88.836,7,32.9688,1,1
2022,"Grambling St.",70.5254,63,69.1621,64,92.2816,339,93.8124,331,102.544,205,106.156,245,-12.3436,305,NULL
2022,"Grand Canyon",66.8735,250,65.3309,267,104.76,120,104.907,141,92.3315,13,96.5349,57,8.37179,93,NULL
2022,"Green Bay",64.9905,327,64.5742,312,94.2066,320,92.1118,344,107.248,287,110.639,315,-18.527,344,NULL
2022,Hampton,68.9772,121,69.0204,70,90.5284,350,90.6853,351,101.545,169,105.985,242,-15.3001,329,NULL
2022,Hartford,67.0995,239,67.1118,175,103.78,136,101.27,213,107.13,284,111.402,326,-10.1322,284,NULL
2022,Harvard,68.856,131,67.0397,179,99.2816,236,97.9228,273,99.9951,132,102.73,168,-4.80721,229,NULL
2022,Hawaii,65.5442,306,65.0558,282,102.318,172,102.022,195,98.3606,90,101.448,144,0.573349,160,NULL
2022,"High Point",67.1119,238,66.3768,215,98.0712,260,98.4269,264,102.77,209,104.991,215,-6.56395,247,NULL
2022,Hofstra,70.1481,79,68.9132,74,108.763,41,108.694,73,105.316,259,105.357,223,3.33789,133,NULL
2022,"Holy Cross",67.0013,243,66.9776,183,94.1174,323,91.3357,348,107.667,300,111.521,328,-20.1852,349,NULL
2022,Houston,65.4652,309,63.8376,333,114.576,7,117.348,10,88.9612,4,90.8508,11,26.4976,4,5
2022,"Houston Baptist",70.8535,51,68.7168,85,97.9139,263,95.3517,312,109.569,325,112.434,338,-17.0828,336,NULL
2022,Howard,72.3442,22,70.2939,35,101.526,187,100.361,228,99.0883,106,105.798,236,-5.43696,235,NULL
2022,Idaho,70.8295,52,69.8997,45,100.562,205,99.5425,247,112.171,346,113.916,347,-14.3739,323,NULL
2022,"Idaho St.",65.6391,301,63.8018,334,94.6489,311,94.2305,329,109.399,321,111.549,329,-17.3181,338,NULL
2022,Illinois,68.1937,173,67.0758,177,110.345,30,113.725,23,98.2696,87,94.138,30,19.5866,17,4
2022,"Illinois Chicago",68.9696,122,69.1381,65,102.014,175,99.6102,245,105.697,268,110.098,302,-10.4878,287,NULL
2022,"Illinois St.",68.553,148,67.9168,117,104.389,124,105.347,131,106.498,273,106.546,250,-1.19904,186,NULL
2022,"Incarnate Word",67.7517,193,64.5826,310,95.857,299,94.975,318,114.604,355,116.828,355,-21.8527,353,NULL
2022,Indiana,67.8765,185,66.9603,185,103.985,131,107.558,91,95.8817,43,92.6213,21,14.9367,36,12
2022,"Indiana St.",69.2106,108,69.1036,66,96.5456,284,98.5978,261,104.182,240,103.052,175,-4.45454,226,NULL
2022,Iona,70.1414,81,68.9014,75,106.425,77,107.648,88,96.5616,52,99.4596,107,8.18863,94,NULL
2022,Iowa,70.3455,72,69.5965,52,118.165,4,121.548,2,101.016,160,98.0208,77,23.5269,13,5
2022,"Iowa St.",67.2114,228,66.0731,232,98.0934,259,104.382,151,92.9036,18,90.4362,10,13.9459,48,11
2022,IUPUI,63.0657,351,62.2724,347,81.4853,358,79.5426,358,108.582,311,111.11,323,-31.5669,358,NULL
2022,"Jackson St.",65.9232,287,63.6759,336,92.3946,337,93.5053,332,98.7328,100,102.664,167,-9.15896,277,NULL
2022,Jacksonville,62.301,355,61.3941,355,102.778,160,100.355,229,97.8312,78,100.064,120,0.290376,165,NULL
2022,"Jacksonville St.",66.1608,275,65.1165,276,106.638,71,105.325,132,99.7107,127,103.083,178,2.24147,146,15
2022,"James Madison",69.4971,93,68.7604,83,102.198,173,102.592,188,106.57,274,107.85,272,-5.25839,233,NULL
2022,Kansas,69.5494,92,69.0976,68,111.605,21,119.389,6,97.191,66,93.8965,29,25.492,6,1
2022,"Kansas St.",67.4785,208,66.5039,204,101.581,185,109.415,67,99.3406,116,97.4154,70,11.9999,66,NULL
2022,"Kennesaw St.",67.3204,221,66.1074,229,104.754,121,104.796,143,107.505,293,109.169,288,-4.37331,224,NULL
2022,"Kent St.",67.2702,222,65.8171,245,103.026,153,101.458,205,98.6092,98,99.5444,110,1.91351,150,NULL
2022,Kentucky,69.3278,97,67.3275,155,114.407,9,120.191,4,95.4126,36,93.5959,27,26.5948,3,2
2022,"La Salle",68.2243,171,67.111,176,97.6053,269,98.9959,254,103.386,220,103.799,194,-4.80304,228,NULL
2022,Lafayette,65.6608,300,64.615,306,100.188,211,97.312,280,108.713,315,111.812,332,-14.4996,324,NULL
2022,Lamar,67.4157,216,65.9662,241,90.3443,351,92.4287,340,109.887,327,112.327,337,-19.898,348,NULL
2022,Lehigh,68.2261,170,67.9706,115,99.5507,228,98.2438,268,104.682,248,110.399,306,-12.155,303,NULL
2022,Liberty,65.9817,282,65.2022,271,107.58,54,105.166,135,98.3615,91,101.324,142,3.84155,124,NULL
2022,Lipscomb,70.515,64,69.0794,69,102.004,176,102.305,192,109.038,318,110.496,310,-8.19157,265,NULL
2022,"Little Rock",66.7579,257,66.6397,198,94.0895,324,97.2468,282,111.119,338,111.941,333,-14.6943,326,NULL
2022,LIU,72.7647,18,72.2798,5,100.64,204,99.8986,242,101.614,173,105.479,226,-5.58079,237,NULL
2022,"Long Beach St.",70.6559,58,70.6553,27,101.312,194,103.787,165,101.81,181,102.181,158,1.6053,153,NULL
2022,Longwood,67.1683,231,66.0454,235,108.965,40,106.108,115,98.0629,83,103.624,191,2.48399,144,14
2022,Louisiana,70.1417,80,69.5053,56,99.5262,229,101.843,197,99.3132,112,102.657,165,-0.813658,181,NULL
2022,"Louisiana Monroe",69.066,114,67.6392,128,98.9967,243,101.35,210,107.803,303,109.348,292,-7.99827,262,NULL
2022,"Louisiana Tech",69.5831,91,68.3816,100,105.596,98,105.971,117,98.3298,89,98.4421,87,7.52872,98,NULL
2022,Louisville,67.5201,205,66.9622,184,98.8147,248,102.612,187,103.317,217,100.04,118,2.57134,142,NULL
2022,"Loyola Chicago",65.6169,302,64.5889,308,109.986,33,110.891,42,92.9722,20,93.196,22,17.6948,24,10
2022,"Loyola Marymount",67.4213,215,65.7771,247,101.778,180,106.133,114,109.724,326,108.37,278,-2.23707,196,NULL
2022,"Loyola MD",65.8754,289,64.4474,316,99.7016,223,96.498,299,100.335,142,105.24,219,-8.74183,273,NULL
2022,LSU,70.6956,55,68.6446,92,102.61,163,107.64,89,89.6727,5,88.5581,5,19.0816,19,6
2022,Maine,66.1591,276,66.1268,227,91.9297,343,92.3626,341,111.253,340,114.564,349,-22.2015,354,NULL
2022,Manhattan,69.2219,107,68.4918,95,99.629,226,100.248,232,105.5,266,108.797,280,-8.54885,269,NULL
2022,Marist,66.9199,247,66.0826,230,101.379,191,100.711,222,100.568,144,104.325,207,-3.61415,213,NULL
2022,Marquette,71.4884,38,70.6644,26,103.451,145,109.787,62,98.5096,95,95.785,46,14.0024,47,9
2022,Marshall,72.8331,15,72.1975,6,100.105,213,101.459,204,106.781,277,107.136,259,-5.67758,238,NULL
2022,Maryland,67.4481,213,66.4997,206,104.36,127,109.522,66,104.194,241,99.4036,106,10.1186,80,NULL
2022,"Maryland Eastern Shore",69.6277,90,67.5,143,90.731,348,91.0246,349,98.4904,94,103.693,193,-12.6681,309,NULL
2022,Massachusetts,69.2451,106,68.9418,72,108.032,49,111.974,30,111.779,343,113.333,344,-1.35852,189,NULL
2022,"McNeese St.",72.7472,19,69.5536,53,98.0424,261,97.8623,276,107.032,282,110.743,317,-12.8811,311,NULL
2022,Memphis,71.4262,40,70.2976,34,105.619,97,110.368,50,96.197,46,94.1479,31,16.2198,28,9
2022,Mercer,65.5253,307,64.6032,307,105.719,95,105.778,122,108.969,317,107.585,268,-1.80764,194,NULL
2022,Merrimack,63.5076,345,62.0756,350,95.1217,306,94.4177,326,101.557,171,105.961,240,-11.5435,300,NULL
2022,"Miami FL",67.5221,204,67.2783,160,110.368,29,114.756,17,104.983,253,102.136,157,12.6207,62,10
2022,"Miami OH",68.8827,127,67.6204,131,105.967,88,103.857,163,109.438,322,111.71,330,-7.85287,258,NULL
2022,Michigan,67.5085,206,66.285,218,108.005,50,114.207,19,103.654,226,98.5588,91,15.6481,33,11
2022,"Michigan St.",68.0511,176,67.5067,141,105.927,89,111.275,38,100.988,158,96.4032,53,14.8717,40,7
2022,"Middle Tennessee",68.4588,158,67.4582,146,105.019,112,105.574,126,97.4387,72,98.4337,86,7.14055,100,NULL
2022,Milwaukee,67.7605,191,66.7823,193,95.2219,304,91.9212,346,105.133,255,108.966,285,-17.0444,335,NULL
2022,Minnesota,65.3617,315,65.004,285,101.788,179,107.258,93,105.366,262,101.952,151,5.30549,110,NULL
2022,Mississippi,67.0271,240,65.0824,278,100.491,206,105.887,120,101.711,175,99.8737,117,6.01349,105,NULL
2022,"Mississippi St.",66.8311,253,65.4602,263,105.142,109,110.051,56,98.2631,86,96.0097,48,14.041,45,NULL
2022,"Mississippi Valley St.",72.6348,20,70.6686,25,90.8253,347,92.8699,339,111.91,344,115.434,351,-22.5638,355,NULL
2022,Missouri,67.1358,233,65.5121,260,96.1176,292,104.096,158,104.801,250,101.058,135,3.03843,136,NULL
2022,"Missouri St.",67.6687,199,66.8186,192,112.596,16,113.558,25,100.817,154,101.28,140,12.2781,63,NULL
2022,Monmouth,67.1183,235,66.0572,234,101.26,197,102.36,191,99.58,120,102.095,156,0.265482,166,NULL
2022,Montana,66.8693,251,65.1596,275,103.341,147,100.502,223,103.824,229,106.943,256,-6.44134,244,NULL
2022,"Montana St.",68.9381,124,67.294,157,108.242,48,104.531,147,98.3861,92,100.723,129,3.80856,125,14
2022,"Morehead St.",65.9438,285,64.67,300,103.636,141,103.921,162,96.894,60,99.2034,102,4.71782,114,NULL
2022,"Morgan St.",74.1759,4,71.6881,14,94.3482,319,95.2236,315,100.143,139,106.051,244,-10.8277,292,NULL
2022,"Mount St. Mary's",64.9138,331,63.2161,339,98.5739,255,96.2405,303,99.656,124,102.769,169,-6.52812,246,NULL
2022,"Murray St.",67.4595,211,65.7834,246,113.009,14,111.518,35,92.0871,10,95.1287,40,16.389,27,7
2022,"N.C. State",67.8719,187,66.8886,190,105.836,92,109.154,68,109.298,320,106.6,251,2.55475,143,NULL
2022,Navy,64.4793,338,64.586,309,98.6975,252,95.384,311,93.3233,23,96.7487,61,-1.3647,190,NULL
2022,Nebraska,71.9866,29,71.0448,19,100.356,207,105.887,119,107.346,288,102.951,172,2.93657,138,NULL
2022,"Nebraska Omaha",71.2698,44,69.7787,49,97.8541,266,98.1699,269,118.747,358,116.314,353,-18.1442,342,NULL
2022,Nevada,70.7121,54,70.1106,39,101.453,189,107.112,94,104.807,251,101.746,147,5.36608,108,NULL
2022,"New Hampshire",62.8611,352,62.1765,348,106.176,80,103.121,174,105.089,254,109.613,296,-6.49225,245,NULL
2022,"New Mexico",71.1725,46,70.8954,21,102.453,169,107.094,95,106.935,280,105.652,231,1.44202,155,NULL
2022,"New Mexico St.",67.8721,186,66.1724,223,104.869,119,107.805,87,96.0926,44,97.7021,73,10.1026,81,12
2022,"New Orleans",74.3516,1,71.7276,11,101.592,184,97.3403,279,101.724,176,105.337,221,-7.99718,261,NULL
2022,Niagara,65.1776,321,64.2017,320,99.6183,227,100.075,237,100.007,134,102.351,162,-2.27597,198,NULL
2022,"Nicholls St.",72.0286,27,69.6443,51,104.909,118,101.508,202,101.146,163,104.507,210,-2.99836,207,NULL
2022,NJIT,66.6106,262,65.8958,243,92.5236,336,89.5715,354,105.336,260,108.01,276,-18.4388,343,NULL
2022,"Norfolk St.",70.4806,66,66.9322,187,103.718,139,102.43,190,93.6633,25,102.285,160,0.14543,168,16
2022,"North Alabama",69.442,95,67.5973,132,91.3292,346,90.4239,352,102.994,215,104.02,200,-13.5957,318,NULL
2022,"North Carolina",70.2181,77,70.1492,38,109.416,35,113.057,27,100.974,156,97.0108,64,16.0459,29,8
2022,"North Carolina A&T",67.6956,196,67.3178,156,96.3688,286,96.9009,290,104.314,244,107.948,275,-11.0473,295,NULL
2022,"North Carolina Central",70.4378,68,67.5,142,95.2689,303,96.7874,293,100.778,152,107.112,257,-10.3247,285,NULL
2022,"North Dakota",69.0561,115,67.2486,165,99.2396,237,96.9478,288,115.633,356,116.388,354,-19.4406,345,NULL
2022,"North Dakota St.",67.9838,180,66.2569,220,106.021,85,103.378,171,101.582,172,101.239,138,2.1386,148,NULL
2022,"North Florida",68.4965,154,67.6293,129,94.4816,316,97.373,278,106.847,278,106.03,243,-8.65738,272,NULL
2022,"North Texas",60.617,357,59.0034,358,105.71,96,105.496,129,91.9163,9,91.6547,15,13.8413,50,NULL
2022,Northeastern,65.4219,312,64.301,318,97.5599,270,96.9267,289,104.762,249,105.053,217,-8.12654,264,NULL
2022,"Northern Arizona",67.2394,224,65.0107,284,96.6273,282,95.869,307,110.662,333,112.535,339,-16.6655,333,NULL
2022,"Northern Colorado",70.6625,57,69.5465,54,108.59,45,107.827,86,109.29,319,111.325,325,-3.49782,212,NULL
2022,"Northern Illinois",68.5675,146,66.9062,188,93.0495,333,93.142,337,103.647,225,104.114,204,-10.9722,294,NULL
2022,"Northern Iowa",67.459,212,67.0638,178,106.868,66,110.345,51,102.811,212,101.867,148,8.47774,91,NULL
2022,"Northern Kentucky",65.0524,324,64.091,326,104.458,123,101.132,215,99.5654,119,103.201,180,-2.0691,195,NULL
2022,Northwestern,68.7001,137,67.5816,134,103.745,138,106.692,104,101.21,165,97.2381,68,9.45346,87,NULL
2022,"Northwestern St.",73.5233,8,71.0994,18,97.742,267,98.5317,263,112.343,348,113.844,346,-15.3127,330,NULL
2022,"Notre Dame",65.9041,288,65.7294,250,108.378,46,111.997,29,100.674,147,98.3632,84,13.6336,52,11
2022,Oakland,68.6751,139,67.3379,153,104.964,115,103.073,176,101.343,168,104.46,208,-1.38765,191,NULL
2022,Ohio,68.8758,129,67.3507,152,106.564,72,104.513,148,97.5849,73,100.648,128,3.86412,123,NULL
2022,"Ohio St.",65.3779,314,64.9727,287,112.068,18,116.627,13,103.964,235,100.804,131,15.8224,32,7
2022,Oklahoma,66.1107,278,64.7775,296,101.96,177,110.428,48,96.7743,57,94.4718,33,15.9566,30,NULL
2022,"Oklahoma St.",68.8583,130,67.5525,135,96.5003,285,103.514,170,92.8628,17,88.6145,6,14.8993,39,NULL
2022,"Old Dominion",65.7763,296,64.195,321,100.079,214,101.134,214,102.054,190,102.892,171,-1.75775,193,NULL
2022,"Oral Roberts",71.7082,33,70.2404,36,112.464,17,109.816,61,107.592,297,108.949,284,0.866986,159,NULL
2022,Oregon,68.4462,159,67.8657,119,105.007,113,109.764,63,101.779,178,99.525,109,10.2386,79,NULL
2022,"Oregon St.",67.8083,189,66.5016,205,98.9345,244,105.564,127,113.842,353,110.835,320,-5.27103,234,NULL
2022,Pacific,69.2755,101,68.0538,113,93.773,329,95.4459,309,105.679,267,105.859,237,-10.4128,286,NULL
2022,Penn,69.0415,116,67.5303,138,103.749,137,106.264,110,108.711,314,109.671,297,-3.40677,211,NULL
2022,"Penn St.",62.8196,353,61.8891,354,101.427,190,105.317,133,101.981,186,95.972,47,9.345,89,NULL
2022,Pepperdine,71.3298,42,69.8108,48,93.6228,330,97.9102,275,108.144,307,107.123,258,-9.21268,278,NULL
2022,Pittsburgh,64.2129,341,63.8881,332,95.7438,300,99.3943,249,106.193,271,102.21,159,-2.81563,204,NULL
2022,Portland,70.8619,50,68.8138,78,101.351,192,103.071,177,102.376,198,103.462,187,-0.391188,175,NULL
2022,"Portland St.",71.6422,36,70.8753,22,99.0474,241,96.0494,304,101.806,180,103.515,188,-7.46528,254,NULL
2022,"Prairie View A&M",71.7858,31,70.1592,37,95.6847,301,97.2516,281,104.872,252,107.206,261,-9.95425,282,NULL
2022,Presbyterian,65.4178,313,64.0436,327,96.0704,294,96.5045,298,103.386,219,104.943,214,-8.43877,267,NULL
2022,Princeton,68.6747,140,66.6906,197,113.257,12,111.662,33,102.365,197,105.573,230,6.08928,104,NULL
2022,Providence,66.0606,280,65.193,273,106.471,74,111.929,31,99.604,122,98.0491,79,13.8797,49,4
2022,Purdue,66.6017,263,65.764,248,118.576,3,121.268,3,102.357,196,98.9804,100,22.2872,14,3
2022,"Purdue Fort Wayne",68.7639,136,68.2491,104,102.829,158,98.7117,260,99.9997,133,103.932,198,-5.22077,232,NULL
2022,Quinnipiac,68.9796,120,68.6773,88,102.381,171,102.673,186,104.087,237,108.516,279,-5.84319,239,NULL
2022,Radford,64.7624,334,64.0392,328,94.2041,321,95.3337,313,102.589,207,105.962,241,-10.6286,290,NULL
2022,"Rhode Island",67.9512,181,67.1721,171,98.6888,253,99.3154,250,96.2866,48,96.2763,52,3.0391,135,NULL
2022,Rice,68.2294,169,67.4769,144,104.364,126,106.253,111,107.837,305,110.491,309,-4.23883,223,NULL
2022,Richmond,67.501,207,66.8627,191,105.575,100,109.146,69,100.278,141,99.3205,104,9.82501,83,12
2022,Rider,68.3107,167,66.7699,194,97.9287,262,98.9953,255,101.029,161,104.188,206,-5.19226,231,NULL
2022,"Robert Morris",67.5274,203,66.6084,201,100.726,203,98.5635,262,110.735,334,113.787,345,-15.2234,328,NULL
2022,Rutgers,65.7294,298,64.9317,289,102.697,161,106.375,107,99.4951,118,95.5107,43,10.8648,74,11
2022,"Sacramento St.",66.1491,277,64.1377,322,97.3264,275,95.436,310,107.224,286,108.916,283,-13.48,316,NULL
2022,"Sacred Heart",68.5858,145,67.2882,159,103.313,148,101.435,206,110.189,329,115.711,352,-14.2759,321,NULL
2022,"Saint Joseph's",68.5121,152,67.8595,120,97.9012,264,100.46,225,100.136,138,100.063,119,0.397046,163,NULL
2022,"Saint Louis",68.8018,135,67.7464,125,107.536,55,109.886,60,97.6002,74,97.6929,72,12.1935,64,NULL
2022,"Saint Mary's",65.5835,304,63.493,338,106.095,82,109.764,64,93.3164,22,89.9554,9,19.8082,16,5
2022,"Saint Peter's",67.0262,241,65.9614,242,98.7557,249,98.7512,259,92.3289,12,94.4758,34,4.27548,118,15
2022,"Sam Houston St.",65.9258,286,64.7124,299,99.1155,240,101.096,216,96.9233,61,98.4527,88,2.64346,140,NULL
2022,Samford,69.2781,100,68.9554,71,105.092,110,105.206,134,106.85,279,106.256,246,-1.04954,184,NULL
2022,"San Diego",66.9424,246,65.4851,262,94.5381,313,96.8089,291,101.754,177,101.208,137,-4.39908,225,NULL
2022,"San Diego St.",65.2321,319,65.2809,268,99.3087,235,104.106,157,87.9036,1,85.9549,2,18.151,22,8
2022,"San Francisco",70.641,59,68.6767,89,107.272,61,110.756,45,94.4226,29,92.3886,19,18.3679,21,10
2022,"San Jose St.",65.8011,294,65.3339,266,94.6428,312,99.5492,246,111.197,339,109.42,294,-9.8704,280,NULL
2022,"Santa Clara",71.2831,43,70.7251,24,109.104,38,113.449,26,100.758,151,101.689,146,11.7599,68,NULL
2022,Seattle,71.947,30,70.3976,32,101.921,178,100.152,236,93.5511,24,97.0288,65,3.12319,134,NULL
2022,"Seton Hall",68.6462,141,67.2574,162,103.686,140,108.487,75,96.4278,51,93.5199,26,14.967,35,8
2022,Siena,67.2387,225,66.2108,222,97.3935,273,97.9129,274,101.966,185,104.48,209,-6.56747,248,NULL
2022,"SIU Edwardsville",69.6929,88,68.3714,101,95.062,307,94.4509,325,102.798,211,105.561,229,-11.1105,296,NULL
2022,SMU,69.3439,96,68.0122,114,106.94,65,110.062,55,96.6916,55,96.6989,59,13.3635,54,NULL
2022,"South Alabama",66.8855,249,66.4514,212,102.849,157,103.823,164,96.8362,59,101.123,136,2.70041,139,NULL
2022,"South Carolina",72.1003,26,70.4319,31,96.175,290,101.687,200,98.064,84,94.1502,32,7.53722,97,NULL
2022,"South Carolina St.",73.3309,9,69.9462,42,94.1961,322,93.3705,334,100.171,140,105.958,239,-12.5879,308,NULL
2022,"South Dakota",67.2683,223,65.5593,257,108.662,43,104.839,142,106.967,281,107.326,263,-2.48717,201,NULL
2022,"South Dakota St.",71.5227,37,69.4008,59,119.382,1,116.763,12,103.747,228,105.32,220,11.4429,71,13
2022,"South Florida",65.8246,293,64.9011,290,87.1151,355,91.0202,350,98.5993,97,97.9035,76,-6.88331,250,NULL
2022,"Southeast Missouri St.",72.4306,21,71.6853,15,103.935,133,104.546,146,107.645,298,110.557,311,-6.01085,240,NULL
2022,"Southeastern Louisiana",73.1575,11,70.5626,29,103.839,134,103.017,181,108.199,308,112.109,336,-9.09174,276,NULL
2022,Southern,71.4491,39,69.8349,47,97.653,268,96.7993,292,95.3223,34,100.497,125,-3.69722,214,NULL
2022,"Southern Illinois",62.8183,354,62.0463,352,101.281,196,102.923,183,98.0289,81,98.8622,97,4.06081,120,NULL
2022,"Southern Miss",67.6276,201,66.9551,186,92.0843,341,94.2314,328,111.487,342,112.005,334,-17.7732,340,NULL
2022,"Southern Utah",70.0936,82,68.3824,99,107.351,59,106.157,112,102.525,204,106.296,249,-0.138951,170,NULL
2022,"St. Bonaventure",66.627,260,65.6373,255,104.924,117,108.235,81,99.226,108,98.8056,96,9.42906,88,NULL
2022,"St. Francis NY",67.7433,195,66.5215,203,96.5483,283,94.8625,321,104.32,246,109.177,290,-14.3145,322,NULL
2022,"St. Francis PA",68.319,165,67.2445,167,97.5437,271,95.2766,314,107.667,299,109.89,299,-14.6139,325,NULL
2022,"St. John's",74.2243,3,73.436,1,106.342,79,110.204,53,99.3249,114,97.4082,69,12.796,61,NULL
2022,"St. Thomas",66.9889,244,65.1638,274,108.63,44,107.06,96,116.902,357,119.081,357,-12.0209,302,NULL
2022,Stanford,66.8121,255,65.6835,254,98.8237,247,105.452,130,102.443,200,99.0955,101,6.35639,103,NULL
2022,"Stephen F. Austin",70.6704,56,68.8666,76,102.538,165,103.026,179,96.3445,49,98.0854,81,4.94049,112,NULL
2022,Stetson,66.633,259,65.6337,256,97.8832,265,96.6827,294,107.719,301,109.209,291,-12.5262,307,NULL
2022,"Stony Brook",68.4035,162,68.1192,111,105.524,102,104.135,156,107.418,290,111.136,324,-7.00165,252,NULL
2022,Syracuse,68.4129,161,67.4631,145,110.791,26,115.094,16,107.816,304,104.564,211,10.5301,76,NULL
2022,"Tarleton St.",64.5809,337,62.9781,343,97.5046,272,99.9548,241,101.238,166,103.027,174,-3.0727,208,NULL
2022,TCU,67.1122,237,65.834,244,101.094,199,108.261,80,96.6485,54,93.3525,24,14.909,38,9
2022,Temple,67.1246,234,66.2112,221,98.6185,254,102.171,193,98.428,93,97.8695,75,4.30172,117,NULL
2022,Tennessee,68.6808,138,67.1668,172,105.997,87,111.439,36,90.464,7,86.1987,3,25.2399,7,3
2022,"Tennessee Martin",70.2353,75,68.7702,82,95.1265,305,96.4944,300,106.572,275,108.845,281,-12.3504,306,NULL
2022,"Tennessee St.",69.0818,113,67.4225,148,99.2009,239,98.3717,266,101.826,182,106.699,253,-8.32718,266,NULL
2022,"Tennessee Tech",69.8746,84,69.2342,63,99.3129,234,100.158,235,105.352,261,107.888,273,-7.7294,256,NULL
2022,Texas,64.188,343,63.0969,341,105.723,94,111.812,32,91.9048,8,91.4059,13,20.4063,15,6
2022,"Texas A&M",68.5902,144,66.6338,200,103.502,144,109.079,70,96.8085,58,94.7201,37,14.3587,43,NULL
2022,"Texas A&M Corpus Chris",71.7318,32,68.9287,73,102.501,166,96.9771,287,98.6743,99,103.288,181,-6.3107,243,16
2022,"Texas Southern",69.2557,104,67.6207,130,99.3772,233,98.1424,270,94.3754,27,99.4749,108,-1.33245,188,16
2022,"Texas St.",64.939,330,63.6513,337,105.323,104,105.79,121,100.369,143,102.803,170,2.98661,137,NULL
2022,"Texas Tech",67.472,209,66.455,211,104.973,114,109.701,65,88.3557,2,85.0595,1,24.641,9,3
2022,"The Citadel",70.3998,70,70.379,33,102.583,164,101.278,211,109.496,323,107.423,266,-6.14411,241,NULL
2022,Toledo,70.232,76,68.7289,84,113.731,11,111.256,39,99.0483,105,101.928,149,9.32881,90,NULL
2022,Towson,65.8451,290,64.4472,317,110.617,27,110.047,57,96.9315,62,99.5447,111,10.5024,77,NULL
2022,Troy,67.3647,218,66.7474,196,98.1137,258,99.0712,253,97.341,69,99.8706,116,-0.799433,180,NULL
2022,Tulane,69.2956,98,67.8237,121,104.314,128,108.782,72,102.037,189,101.255,139,7.52681,99,NULL
2022,Tulsa,67.3234,220,66.3766,216,100.113,212,103.773,166,103.86,230,104.052,202,-0.279148,173,NULL
2022,UAB,70.1548,78,68.7871,81,111.84,19,112.489,28,95.4026,35,98.456,89,14.0333,46,12
2022,"UC Davis",67.8794,184,67.0256,180,99.4564,231,98.3768,265,98.2729,88,102.076,154,-3.69897,215,NULL
2022,"UC Irvine",65.0413,325,65.1048,277,98.1804,257,99.7729,244,94.5037,30,96.1302,50,3.64269,128,NULL
2022,"UC Riverside",65.2891,317,65.2019,272,98.7526,250,100.825,220,97.1728,64,100.925,132,-0.100501,169,NULL
2022,"UC San Diego",67.9191,182,67.7671,123,100.222,210,102.018,196,105.403,263,109.552,295,-7.53369,255,NULL
2022,"UC Santa Barbara",65.7824,295,65.5011,261,106.038,84,105.554,128,97.2587,67,101.999,153,3.55475,130,NULL
2022,UCF,68.0564,175,67.2911,158,102.117,174,106.558,106,99.6575,125,100.617,127,5.94166,106,NULL
2022,UCLA,67.1833,230,65.5444,258,111.821,20,116.076,15,94.6157,31,91.2287,12,24.8472,8,4
2022,"UMass Lowell",67.5685,202,67.3295,154,99.2249,238,96.3247,302,99.5959,121,103.184,179,-6.85898,249,NULL
2022,UMBC,68.4703,156,68.209,107,106.45,75,103.999,160,106.173,270,110.144,304,-6.1448,242,NULL
2022,UMKC,68.5278,151,67.2643,161,103.285,150,100.422,226,103.393,221,103.417,185,-2.99464,206,NULL
2022,"UNC Asheville",67.6559,200,66.4147,213,102.415,170,101.276,212,101.913,183,105.486,227,-4.20938,221,NULL
2022,"UNC Greensboro",63.0667,350,62.1205,349,100.964,201,100.401,227,101.794,179,100.77,130,-0.368174,174,NULL
2022,"UNC Wilmington",66.3025,272,65.2465,269,103.394,146,102.808,184,101.549,170,103.46,186,-0.651764,178,NULL
2022,UNLV,66.5992,264,66.1628,225,103.566,143,108.054,84,99.4704,117,98.5267,90,9.52687,86,NULL
2022,USC,67.4471,214,66.022,237,106.564,73,110.473,47,96.9625,63,96.0232,49,14.4494,42,7
2022,"USC Upstate",69.2919,99,68.2008,108,100.027,216,100.99,217,107.515,294,110.617,313,-9.62689,279,NULL
2022,"UT Arlington",65.9911,281,65.058,281,94.4334,317,98.293,267,101.121,162,102.085,155,-3.79232,217,NULL
2022,"UT Rio Grande Valley",72.8935,14,71.7047,13,97.2421,276,100.217,233,109.503,324,111.71,331,-11.493,299,NULL
2022,Utah,67.2067,229,66.0731,231,103.081,151,107.616,90,104.43,247,103.669,192,3.94657,121,NULL
2022,"Utah St.",67.1145,236,66.4634,210,106.737,70,110.572,46,97.4042,71,96.4076,55,14.1642,44,NULL
2022,"Utah Valley",67.4635,210,65.7171,251,101.292,195,103.018,180,95.748,40,98.395,85,4.62279,116,NULL
2022,UTEP,67.3495,219,66.4648,209,99.8947,219,100.844,218,99.312,111,100.485,122,0.358266,164,NULL
2022,UTSA,68.989,119,68.5622,93,93.4793,332,94.6327,323,106.625,276,107.68,269,-13.0471,312,NULL
2022,Valparaiso,65.4623,310,64.9861,286,101.547,186,103.081,175,105.247,257,105.349,222,-2.26716,197,NULL
2022,Vanderbilt,69.159,110,67.774,122,101.346,193,106.768,103,97.3431,70,94.6641,36,12.1042,65,NULL
2022,VCU,68.3284,164,68.2785,103,96.1116,293,100.014,239,89.7291,6,88.1477,4,11.8661,67,NULL
2022,Vermont,65.1612,322,64.9527,288,114.506,8,110.775,44,92.9081,19,97.7084,74,13.0669,59,13
2022,Villanova,64.1915,342,62.55,345,112.845,15,117.95,8,97.6798,75,93.8397,28,24.1107,11,2
2022,Virginia,60.225,358,59.2081,357,103.991,130,106.997,98,100.059,137,97.1897,67,9.80716,84,NULL
2022,"Virginia Tech",63.4606,346,62.9067,344,111.1,23,114.268,18,98.0541,82,96.4045,54,17.8634,23,11
2022,VMI,68.8845,126,68.4173,98,110.273,31,110.812,43,110.2,330,110.338,305,0.473927,161,NULL
2022,Wagner,67.9973,179,66.3992,214,105.759,93,102.158,194,94.1571,26,100.489,123,1.66836,152,NULL
2022,"Wake Forest",71.0192,47,70.0023,41,110.414,28,111.555,34,97.8886,79,96.6232,58,14.9316,37,NULL
2022,Washington,70.4993,65,69.3907,60,99.3947,232,104.278,153,101.69,174,98.8722,99,5.40541,107,NULL
2022,"Washington St.",67.3732,217,66.1115,228,106.007,86,108.286,78,96.3709,50,94.9848,39,13.3008,55,NULL
2022,"Weber St.",70.6292,60,69.4246,57,106.11,81,103.694,167,100.977,157,103.959,199,-0.264865,172,NULL
2022,"West Virginia",68.4773,155,67.91,118,99.9738,218,108.071,83,100.657,146,97.0049,63,11.0661,73,NULL
2022,"Western Carolina",69.0232,117,68.1323,110,99.7163,222,99.1381,252,112.319,347,110.487,308,-11.3491,298,NULL
2022,"Western Illinois",72.2517,23,70.442,30,105.839,91,101.433,207,105.701,269,106.905,255,-5.47214,236,NULL
2022,"Western Kentucky",70.2371,74,68.4689,96,105.569,101,106.821,101,100.865,155,101.937,150,4.88457,113,NULL
2022,"Western Michigan",66.1625,274,63.9283,331,97.1912,277,97.2297,284,113.693,351,112.097,335,-14.8674,327,NULL
2022,"Wichita St.",67.841,188,66.7691,195,99.6745,225,104.174,155,96.5669,53,96.145,51,8.02864,96,NULL
2022,"William & Mary",69.4726,94,68.6652,91,89.4507,352,90.1121,353,107.171,285,108.018,277,-17.9058,341,NULL
2022,Winthrop,68.8324,132,68.2387,105,105.478,103,105.921,118,102.48,201,105.509,228,0.412015,162,NULL
2022,Wisconsin,67.1476,232,66.466,208,105.178,108,110.398,49,98.919,103,94.8142,38,15.5839,34,3
2022,Wofford,64.81,333,64.1314,323,107.974,51,106.561,105,102.586,206,101.544,145,5.01645,111,NULL
2022,"Wright St.",69.1928,109,68.4334,97,108.996,39,106.365,108,103.348,218,107.231,262,-0.866069,182,16
2022,Wyoming,66.1084,279,66.0062,238,107.367,58,110.173,54,97.9249,80,97.0777,66,13.0956,58,12
2022,Xavier,69.1484,111,68.1678,109,105.261,107,110.936,41,98.8826,102,98.0442,78,12.8916,60,NULL
2022,Yale,70.2695,73,68.6807,86,101.727,182,101.474,203,98.5686,96,99.2392,103,2.23432,147,14
2022,"Youngstown St.",66.8052,256,66.1656,224,106.845,67,103.047,178,105.208,256,110.949,322,-7.90168,259,NULL
