"Season","TeamName","Size","SizeRank","Hgt5","Hgt5Rank","Hgt4","Hgt4Rank","Hgt3","Hgt3Rank","Hgt2","Hgt2Rank","Hgt1","Hgt1Rank","HgtEff","HgtEffRank","Exp","ExpRank","Bench","BenchRank","Pts5","Pts5Rank","Pts4","Pts4Rank","Pts3","Pts3Rank","Pts2","Pts2Rank","Pts1","Pts1Rank","OR5","OR5Rank","OR4","OR4Rank","OR3","OR3Rank","OR2","OR2Rank","OR1","OR1Rank","DR5","DR5Rank","DR4","DR4Rank","DR3","DR3Rank","DR2","DR2Rank","DR1","DR1Rank"
2023,"Abilene Christian",75.04,359,-1.86,346,-1.93,350,-0.76,278,-0.97,292,-4.68,361,-1.9,355,2.43,46,35.81,58,19,206,21.2,107,25.36,22,18.91,208,15.44,332,34.6,219,19.11,304,23.86,52,14.04,94,8.28,156,20.53,330,24.42,135,16.81,273,21.48,29,16.67,87
2023,"Air Force",77.16,161,-2.13,353,-1.44,339,-0.06,172,0.94,66,3.09,5,-1.79,352,1.16,342,34.31,86,20.75,143,18.61,212,22.78,70,21.3,123,16.55,309,34.2,227,24,233,9.48,326,11.91,146,20.38,3,29.42,73,22.75,198,17.35,250,17.15,142,13.3,232
2023,"Akron",75.04,360,-1.18,299,-2.72,360,-3.2,363,-2.24,349,-0.88,277,-1.95,358,1.86,205,26.05,290,25.04,37,17.1,268,14.13,343,22.15,101,21.51,151,32.59,262,28.99,132,6.03,358,13.91,97,18.4,6,28.31,105,25.41,109,16.97,263,13.93,288,15.31,135
2023,"Alabama",78.11,46,1.77,29,2.18,8,1.53,26,-0.44,252,0.09,176,1.97,11,1.1,348,35.86,56,17.14,271,26.24,12,18.39,218,17.83,255,20.36,185,38.08,153,26.79,178,19.05,126,9.7,203,6.33,264,26.57,160,28.16,37,19.37,161,13.45,302,12.43,268
2023,"Alabama A&M",75.7,344,1.54,44,-0.94,295,-1.18,323,-2.7,359,-3.63,353,0.3,134,2.38,61,38.34,20,20.76,142,23.95,40,13.54,348,18.89,212,22.84,114,34.1,231,20.46,290,26.41,27,12.24,134,6.76,239,35.79,9,15.83,356,18.28,211,15.8,220,14.26,178
2023,"Alabama St.",76.72,238,-1.78,341,-0.41,245,-0.44,245,-0.1,196,0.93,101,-1.1,317,1.62,274,31.62,159,19.93,177,21.22,106,20.71,129,20.47,152,17.68,278,31.83,280,32.17,81,10.38,312,15.43,79,10.19,90,24.98,212,24.15,148,17.85,232,20.86,35,12.16,282
2023,"Albany",76.65,254,0.29,139,-0.87,290,-0.24,224,-0.61,262,-0.75,268,-0.29,214,1.87,200,31.38,168,21.98,110,16.9,273,25.91,15,15.31,333,19.82,207,40.65,100,16.93,327,13.27,258,21.63,14,7.41,197,26.13,172,19.5,310,21.77,76,19.51,66,13,246
2023,"Alcorn St.",75.54,352,-2.15,354,-0.71,275,-1.06,306,-1.89,337,-1.91,329,-1.43,335,1.83,216,38.22,22,19.78,182,24.09,38,23.07,62,13.79,356,19.23,226,25.55,338,42.24,7,11.98,287,13.27,111,6.92,228,24.18,247,24.32,137,18.51,203,13.85,291,19.11,33
2023,"American",76.37,298,0.7,101,1.25,40,0.24,135,-2.32,354,-3.44,352,0.98,65,1.53,295,31.82,152,29.43,9,19.57,170,15.17,319,18.28,232,17.52,283,39.56,115,20.85,279,21.79,78,12.2,135,5.57,292,29.15,80,28.12,38,20.71,106,11.71,343,10.29,346
2023,"Appalachian St.",78.1,47,1.45,51,1.92,14,0.64,95,0.11,170,0.97,99,1.69,20,1.9,188,32.37,132,18.41,229,17.78,241,22.86,67,17.88,253,23.03,110,36.38,191,33.3,58,10.18,315,16.9,54,3.21,351,24.31,243,26.99,59,17.15,257,16.88,159,14.64,159
2023,"Arizona",78.46,25,2.6,10,2.32,5,0.32,127,-0.07,193,1.7,41,2.46,5,2.01,149,25.98,293,24.71,42,26,13,17.56,255,16.49,313,15.22,338,37.33,175,32.68,71,18.18,141,6.87,300,4.92,318,31.26,43,25.63,102,16.69,279,15.09,250,11.31,320
2023,"Arizona St.",77.09,180,1.89,24,-0.08,196,-0.44,246,-1.44,325,0.09,176,0.9,69,2.09,120,31.48,166,17.38,264,16.38,293,25.26,23,18.55,220,22.39,127,38.94,134,22.87,251,21.34,83,9.18,218,7.62,188,26.61,158,22.9,188,16.99,262,15.58,228,17.87,51
2023,"Arkansas",78.75,13,0.22,142,0.48,109,1.86,14,2.53,6,3.27,4,0.35,125,1.45,312,26.04,291,20.8,141,15.13,324,20.24,146,25.06,34,18.71,244,31.35,286,32.87,67,17,167,10.81,172,7.89,172,30.45,53,22.46,212,18.18,213,12.2,335,16.63,91
2023,"Arkansas Pine Bluff",76.87,215,-0.99,284,-0.42,247,0.06,158,1.32,53,-1.01,289,-0.71,274,1.81,222,33.29,113,17.88,247,17.59,252,18.11,232,28.6,5,17.81,276,36.93,183,11.15,357,27.32,21,15.45,78,9.12,132,23.39,272,21.61,243,20.35,124,17.91,114,16.69,86
2023,"Arkansas St.",76.33,306,-0.35,212,0.74,88,-1.56,344,-1.84,336,-0.74,266,0.2,143,1.48,308,24.19,327,19.52,189,22.41,72,16.51,284,19.61,183,21.9,144,30.26,299,42.45,6,13.76,244,6.61,308,6.86,231,26.07,176,34.59,5,12.43,359,11.53,347,15.32,133
2023,"Army",75.7,343,-0.42,218,-1.22,329,-1.06,317,-1.72,331,-2.47,341,-0.82,294,1.43,315,30.15,194,17.16,270,22.71,64,14.18,341,18.58,219,27.31,33,54.98,5,15.92,335,12.78,270,9.29,215,6.91,229,26.9,145,22.87,191,17.16,256,15.12,249,17.87,52
2023,"Auburn",76.9,210,1.07,73,1.08,47,0.68,87,-2.13,346,-1.62,316,1.07,55,2.09,121,34.62,78,21.47,121,21.68,91,18.39,219,12.92,359,25.52,61,44.06,53,25.02,216,17.39,156,7.01,297,6.45,257,28.93,88,22.52,208,20.8,104,11.63,345,16.09,105
2023,"Austin Peay",77.3,145,1.07,74,0.89,76,1.25,43,0.78,80,-2.91,347,0.98,64,1.59,277,38.19,23,23.81,55,17.74,243,17.64,251,22.35,93,18.45,252,23.83,344,21.24,273,17.06,166,29.1,1,8.77,139,27.24,135,20.92,269,18.63,194,22.08,20,11.13,325
2023,"BYU",77.81,67,0.42,125,-0.5,253,0.69,85,1.47,42,1.55,48,-0.04,181,1.52,299,36.9,40,14.34,346,22.95,60,19.97,161,19.53,186,23.19,106,20.86,354,30.26,113,29.62,12,8.04,259,11.21,62,20.75,326,24.87,122,23.47,39,16.46,184,14.43,170
2023,"Ball St.",77.18,160,-0.26,192,-0.05,191,-0.08,195,0.24,151,0.66,117,-0.15,193,1.66,264,24.3,326,22.81,73,17.65,247,21.8,95,22.72,79,15.01,341,41.97,80,28.83,134,9.08,331,13.55,104,6.56,252,29.69,65,22.5,210,19.17,167,14.59,271,14.05,191
2023,"Baylor",77.09,179,0.4,127,0.3,132,-0.69,273,-0.31,236,0.36,153,0.35,126,1.83,217,30.62,186,14.01,351,17.52,254,25.25,24,22.74,77,20.45,182,36.23,194,37.09,25,17.71,153,5.14,339,3.78,345,29.3,76,27.56,48,19.25,164,12.86,324,10.99,328
2023,"Bellarmine",76.78,225,-0.84,268,-1.88,347,-0.5,252,0.12,166,1.59,46,-1.36,332,1.75,240,24.65,319,16.47,300,20.06,148,20.22,147,26.35,21,16.9,297,30.95,293,28.8,135,11.77,291,9.93,197,18.55,4,20.55,329,20.78,279,19.05,176,16.72,168,22.91,4
2023,"Belmont",77.57,97,-0.65,244,0.05,158,1.34,40,1.74,26,-0.03,197,-0.3,215,1.93,179,30.33,191,14.95,334,21.98,81,20.16,148,23.32,68,19.6,216,45.23,40,17.89,315,16.24,185,12.94,118,7.7,184,23.8,263,19.96,300,20.51,114,22.26,16,13.47,217
2023,"Bethune Cookman",76.6,256,0.6,110,-0.98,310,-0.42,243,-1,295,-0.64,253,-0.19,202,1.84,215,30.46,189,11.27,362,21.49,96,16.72,280,22.49,87,28.02,22,27.75,323,27.7,159,13.98,237,23.27,7,7.26,206,25.42,195,27.72,45,13.67,348,22.07,21,11.09,327
2023,"Binghamton",77.05,189,-0.77,257,-0.95,298,0.07,157,0.46,125,1.02,95,-0.86,302,2.7,10,26.54,280,17.11,276,19.58,169,20.95,117,19.32,194,23,111,35.43,208,23.29,246,19.75,117,12.53,129,8.97,134,21.87,307,20.61,284,22.4,58,17.85,116,17.22,68
2023,"Boise St.",77.65,86,-1.23,303,0.05,158,1.52,28,1.41,47,1.09,79,-0.59,249,2.14,111,20.49,350,17.55,259,21.89,84,19.49,178,21.28,125,19.75,210,38.97,132,19.38,300,24.19,50,7.58,283,9.81,105,20.3,334,20.43,288,17.14,258,18.22,103,23.88,2
2023,"Boston College",77.5,110,0.56,115,0.05,158,0,162,0.2,158,1.26,64,0.3,133,1.73,246,38.79,16,24.47,44,19.8,159,14.53,335,20.91,139,20.25,189,37.8,167,28.65,138,12.55,275,8.47,243,12.5,45,30.37,56,25.55,105,13.06,356,17.88,115,13.09,241
2023,"Boston University",77.37,132,-0.61,235,0.37,125,0.72,83,-0.13,199,1.09,79,-0.12,191,2.5,34,35.27,69,18.23,236,15.48,314,26.45,11,18.9,210,20.9,171,39.13,127,27.74,157,20.23,104,7.54,285,5.27,301,25.77,184,25.01,118,23.36,41,16.6,173,9.2,356
2023,"Bowling Green",76.41,287,-1,285,-0.61,269,-0.62,267,0.17,162,-1.28,306,-0.81,290,2.38,60,32.22,138,21.99,108,22.26,76,22.91,66,16.16,323,16.63,305,37.99,160,27.37,166,14.66,215,12.7,127,7.21,210,31.53,40,21.92,234,16.59,281,16.12,200,13.78,205
2023,"Bradley",76.91,206,-0.26,192,1.63,22,0.66,90,0.17,161,-3.08,351,0.69,87,2.08,128,32.1,142,23.83,53,20.18,141,21.67,101,15.96,326,18.32,261,32.28,271,28.66,137,25.72,34,9.55,207,3.73,347,28.88,89,20.57,286,19.38,159,16.55,180,14.56,164
2023,"Brown",76.34,304,-1.26,305,-0.73,276,-0.1,201,-0.73,275,-0.91,278,-0.99,308,1.59,278,32.06,144,18.6,222,16.11,300,23.51,54,15.79,328,25.92,56,43.05,64,27.08,173,8.53,339,16.12,63,5.1,313,27.86,116,21.47,249,29.25,6,12.64,331,8.71,358
2023,"Bryant",76.96,199,-1.58,330,-0.92,293,0.15,148,0.76,82,0.99,96,-1.25,326,2.65,15,28.65,234,21.3,130,17.86,237,27.35,6,17.77,259,15.68,327,32.64,258,25.48,205,10.82,304,17.29,47,13.75,32,26.79,150,22.73,200,23.03,47,13.12,313,14.29,177
2023,"Bucknell",78.29,28,2.35,14,2.32,6,0.56,103,0.03,181,0.78,109,2.34,8,1.96,166,34.12,92,27.06,21,16.45,290,18.09,233,23.88,56,14.45,348,38.01,159,30.22,114,12.1,282,11.36,156,8.24,160,31,48,21.34,257,18.92,186,12.06,339,16.61,94
2023,"Buffalo",78.23,33,0.47,121,0.35,126,0.39,121,1.46,43,3.09,5,0.41,113,1.88,196,26.76,275,16.93,286,20.22,139,17.86,243,26.12,23,18.8,243,38.02,157,26.59,184,11.4,298,13.31,109,10.59,75,24.58,233,25.44,108,19.11,174,20.03,49,10.76,334
2023,"Butler",77.79,68,1.21,66,0.39,120,0,163,0.76,82,1.17,74,0.8,80,1.99,155,24.96,311,22.87,71,18.89,202,19.55,176,18.38,228,20.26,187,37.97,163,11.78,354,25.65,37,13.11,114,11.45,56,26.81,148,17.5,343,20.45,120,17.99,113,17.18,71
2023,"Cal Baptist",78.1,48,0.33,136,0.11,154,1.4,36,2.14,12,1.09,79,0.22,141,1.75,241,36.54,50,20.21,168,16.77,275,18.52,216,24.3,46,20.2,192,42.24,76,25.76,200,20.72,90,6.22,317,5.05,315,27.56,123,21.15,261,20.71,107,19.03,82,11.55,316
2023,"Cal Poly",77.31,142,-0.07,178,-0.63,271,0.94,59,1.38,50,-0.47,236,-0.35,223,2.42,51,32.22,136,24.38,45,16.07,301,19.09,192,21.79,110,18.68,247,33.35,246,18.43,312,19.99,112,17.46,45,10.77,71,19.94,339,18.69,324,23.41,40,19.8,56,18.15,45
2023,"Cal St. Bakersfield",77.1,177,-0.68,248,0.38,124,0.03,159,0.76,82,-0.42,230,-0.15,192,1.56,287,32.72,126,24.35,46,24.96,21,18.11,231,15.21,336,17.31,288,34.5,222,36.7,28,16.93,169,5.54,331,6.26,269,25.53,191,24.63,129,18.89,188,16.02,208,14.88,151
2023,"Cal St. Fullerton",76.37,297,-1.47,327,-1.18,325,-1.05,305,-0.24,206,0.39,147,-1.33,330,2.51,33,27.57,258,16.65,292,16.7,280,26.28,14,18.35,230,22.02,141,42.94,65,21.5,269,14.18,231,11.35,157,10.03,96,24.9,219,20.38,290,18.93,185,22.24,17,13.55,212
2023,"Cal St. Northridge",76.36,300,-0.05,176,-0.95,298,-1.63,347,-1.24,311,0.24,164,-0.5,239,1.55,291,32.09,143,14.81,339,18.84,204,16.2,295,19.96,169,30.16,5,36.71,186,33.62,54,11.53,295,8.41,246,9.68,111,29.38,74,26.13,79,14.68,330,15.16,246,14.61,161
2023,"California",79.04,3,2.19,16,1.61,23,2.15,5,1.99,16,1.87,35,1.9,13,1.79,227,34.69,76,23.98,49,22.81,61,17.21,270,20.17,165,15.8,324,42.76,67,16.12,334,13.28,257,18.03,39,9.77,107,24.93,214,23.59,166,17.6,238,19.45,69,14.39,172
2023,"Campbell",76.85,216,-0.77,258,-0.67,274,-0.12,210,-0.35,241,0.78,110,-0.72,275,2.05,135,29.43,217,23.24,63,21.55,93,16.4,292,16.6,308,22.16,136,38.32,146,25.95,194,17,168,9.96,195,8.7,140,27.22,136,24.07,149,21.65,79,12.2,336,14.78,153
2023,"Canisius",77.15,165,0.74,94,0.06,156,0.85,74,-0.63,266,-0.67,256,0.4,114,1.83,218,34.64,77,17.57,254,17.41,257,20.15,150,21.08,134,23.77,99,33.93,235,32.62,75,17.26,160,5.27,335,10.9,69,26.84,146,28.46,34,19.02,178,13.46,301,12.21,280
2023,"Central Arkansas",76.99,196,-0.8,262,-0.4,242,-0.1,202,-0.25,233,1.09,79,-0.6,251,1.38,324,30.89,180,14.26,348,25.79,14,15.24,317,26.29,22,18.35,258,29.88,303,25.86,195,19.92,113,16.08,65,8.17,164,21.65,312,25.8,93,22.43,57,19.69,60,10.36,344
2023,"Central Connecticut",75.58,350,-1.85,345,-0.29,225,-0.22,220,-2.1,345,-3.06,350,-1.07,315,1.65,267,29.95,200,18.22,238,23.9,42,19.35,180,19.36,192,19.17,230,31.16,290,18.75,308,31.5,7,8.11,256,10.48,80,20.21,338,21.58,245,26.61,12,14.42,277,17.18,70
2023,"Central Michigan",78.12,44,1.39,56,0.99,66,0.53,110,0.76,82,1.51,49,1.19,46,1.29,331,35.99,54,19.98,176,15.38,317,20.84,126,17.57,267,26.16,48,38.74,139,29.75,124,13.12,260,9.15,219,9.16,128,24.41,239,22.33,218,21.61,81,17.59,129,13.98,195
2023,"Charleston",76.9,208,0.15,147,-0.59,264,-0.46,247,-0.38,246,0.39,148,-0.22,205,2.05,138,38.24,21,21.34,128,18.5,219,14.91,327,25.32,26,19.89,204,34.32,226,21.05,277,20.24,103,13.56,102,10.74,73,31.76,38,19.66,306,20.35,125,16.1,204,12.07,288
2023,"Charleston Southern",76.39,295,-1.41,323,-0.6,266,-1.01,302,-0.62,264,0.18,171,-1,309,1.19,339,32.05,146,15.69,319,20.01,150,18.8,205,28,8,17.49,284,33.49,243,31.9,89,26.37,28,3.31,360,4.89,319,21.8,309,19.32,313,23.23,43,19.66,62,15.97,106
2023,"Charlotte",77.4,129,1.42,54,0.64,96,1.08,53,-0.34,239,-1.21,300,1.03,58,1.71,252,28.97,231,24.17,47,24.54,33,17.13,271,17.88,254,16.26,313,39.01,130,27.71,158,6.12,357,6.32,313,20.8,2,29.93,62,23.63,165,14.72,328,15.37,234,16.33,98
2023,"Chattanooga",76.96,200,1.45,52,0.02,181,-0.06,172,0.35,144,-2.38,339,0.73,85,2.21,96,34.56,82,28.47,15,16.76,276,11.99,361,23.34,66,19.41,222,39.29,122,27.82,156,19.02,128,11.37,155,2.48,361,30.69,52,18.93,322,19.16,168,18.01,112,13.18,237
2023,"Chicago St.",76.72,240,-2.63,359,-0.95,298,0.19,142,0.42,128,1.14,76,-1.79,353,1.41,319,20.46,351,21.27,131,24.95,23,20.24,145,16.81,295,16.65,304,21.16,352,30.15,115,21.37,82,11.92,144,15.33,21,18.26,359,26.97,61,21.59,84,16.83,161,16.25,99
2023,"Cincinnati",77.71,75,0.81,90,0.4,119,1.89,13,0.64,111,-0.63,252,0.61,94,2.44,43,29.09,227,20.49,153,17.07,269,25.45,19,16.86,293,20.1,195,41.68,87,25.52,203,18.26,138,9.72,202,4.77,322,29.61,66,20.88,270,22.07,65,16.89,158,10.51,339
2023,"Clemson",77.98,54,0.74,94,1.05,49,0.82,77,-0.24,206,2.09,23,0.9,70,1.83,219,32.99,119,25.15,36,23.87,43,15.44,306,13.21,358,22.27,131,39.3,121,25.22,209,26.13,31,4.69,348,4.58,330,22.4,296,34.7,4,18.13,217,11.93,341,12.77,256
2023,"Cleveland St.",77.24,151,-0.47,223,0.66,93,1.07,56,-0.03,187,-0.42,231,0.1,157,2.31,72,25.03,309,17.35,268,24.43,35,20.9,119,16.79,299,20.47,180,31.76,281,22.04,262,24.33,49,15.45,77,6.35,261,23.27,276,24.3,139,24.29,31,18.02,111,10.04,349
2023,"Coastal Carolina",77.11,176,-0.03,172,0.9,73,-0.06,172,-0.63,265,-0.06,200,0.44,110,2.32,69,39.71,11,14.86,338,21.01,113,23.5,55,23.47,64,17.11,292,35.5,206,32.93,65,15.96,191,9.19,217,6.34,262,30.03,59,24.22,142,15.18,322,15.21,243,15.31,136
2023,"Colgate",77.43,119,1.19,67,0.89,75,0.19,141,-0.04,189,-0.51,242,1.04,57,2.24,89,25.12,307,24.93,40,16.57,289,20.06,156,19.26,198,19.11,234,59.3,2,21.6,267,7.86,343,6.33,311,4.81,320,25.75,185,19.55,309,19.79,148,17.04,149,17.8,56
2023,"Colorado",78.24,31,1.96,23,1.07,48,0.77,81,0.62,113,1.39,54,1.52,30,1.68,256,38.05,25,19.5,192,20.57,126,17.6,252,16.48,315,25.85,58,28.12,319,28.1,146,22.19,73,11.02,167,10.57,76,19.48,347,24.43,134,23.03,48,16.11,202,16.96,75
2023,"Colorado St.",76.4,290,-0.35,211,-1.93,349,-0.54,257,-0.2,204,-0.36,224,-1.14,323,2.21,97,32.48,129,25.5,32,19.44,176,19.86,163,12.32,362,22.83,115,32.46,265,13.66,347,24.06,51,11.22,161,18.54,5,24.76,225,20.83,274,22.03,66,16.58,177,15.74,119
2023,"Columbia",77.4,128,0.06,161,-0.14,204,-0.39,240,0.76,82,1.3,61,-0.04,180,0.77,361,36.56,49,19.38,194,16.43,291,19.75,167,20.3,157,24.12,88,30.25,300,18.64,310,24.59,45,12.05,141,14.41,28,29.55,69,19.08,318,15.42,314,11.2,349,24.7,1
2023,"Connecticut",78.29,29,1.42,53,0.56,101,0.36,122,1.62,34,2.08,30,0.99,61,1.74,243,29.53,214,30.29,6,15.85,308,20.87,121,18.54,221,14.43,349,41.99,79,19.82,296,16.29,182,12.72,125,9.13,131,33.78,19,18.43,330,19.9,145,16.06,206,11.79,305
2023,"Coppin St.",76.4,291,-1.19,301,-0.42,246,-0.68,270,-0.36,242,-0.74,267,-0.81,291,2.28,78,29.34,222,17.36,266,14.21,344,16.43,290,21.15,132,30.83,4,33.77,237,20.68,286,18.64,131,13.76,99,13.12,37,24.14,251,21.82,237,17.84,233,18.42,96,17.77,58
2023,"Cornell",77.25,149,-0.71,250,-0.04,187,-0.32,230,-0.17,202,2.09,23,-0.37,227,1.9,187,39.95,9,22.2,103,11.94,359,20.94,118,22.29,96,22.56,121,33.25,249,14.65,344,22.51,69,16.26,62,13.23,36,27.27,134,17.42,345,18.43,205,19.9,51,16.89,77
2023,"Creighton",77.9,61,2.91,6,0.46,110,1.27,42,0.22,156,-0.77,270,1.69,21,1.57,284,20.5,349,24.16,48,19.72,165,20.99,116,17.42,275,17.67,279,47.15,29,27.89,153,13.43,253,5.21,338,6.26,268,18.54,354,21.7,241,30.09,4,14.57,273,15.05,146
2023,"Dartmouth",77.66,83,-0.83,264,0.78,84,1.02,57,0.21,157,1.7,40,-0.03,177,1.57,283,44.27,4,16.59,295,30.34,1,18.63,212,13.97,353,20.45,181,31.45,285,40.19,10,8.92,333,9.67,204,9.76,108,18.44,357,28.18,36,17.53,241,16.33,192,19.5,24
2023,"Davidson",77.76,70,1.3,62,2.16,9,-0.06,172,0.41,132,-0.44,234,1.73,17,1.72,249,26.37,282,14.55,343,26.52,11,17.41,261,16.75,300,24.73,76,35.82,201,38.44,18,11.22,300,8.41,247,6.03,277,17.28,361,26.04,83,17.51,243,19.23,73,19.87,20
2023,"Dayton",78.86,9,0.61,109,1.66,21,2.86,2,2.85,1,0.93,100,1.14,51,1.04,350,30.67,185,29.4,10,16.64,285,23.67,48,14.53,345,15.73,325,37.34,174,13.26,349,31.23,8,12.36,133,5.78,286,24.14,250,17,349,29.77,5,15.44,232,13.63,209
2023,"DePaul",77.12,172,-0.19,184,-0.39,237,0.94,59,0.07,177,-0.26,215,-0.29,213,2.55,26,29.39,219,21.47,120,16.14,298,21.1,113,18.52,222,22.71,118,36.34,192,25.96,193,19.59,120,10.39,183,7.65,186,24.78,223,21.94,233,20.75,105,15.31,238,17.17,72
2023,"Delaware",76.66,252,-2,350,-0.95,298,-0.02,166,0.35,145,0.51,136,-1.47,341,2.12,115,27.4,263,22.49,89,15.34,320,15.38,312,16.7,303,30.09,6,21.56,351,28.62,139,22.75,67,10.99,168,16.07,15,21.95,305,27.25,54,18.57,200,14.61,270,17.64,61
2023,"Delaware St.",77.56,98,1.64,35,0.64,95,0.54,107,-1.03,299,0.61,124,1.14,49,1.51,300,36.79,41,20.58,151,13.97,348,20.37,143,18.27,234,26.74,41,26.68,330,31.63,95,17.92,147,8.57,233,15.14,22,23.82,262,28.08,39,13.93,344,14.96,255,19.14,32
2023,"Denver",78.14,37,0.35,133,0.87,77,1.48,31,2.05,14,0.55,131,0.61,93,1.53,297,28.5,238,22.44,95,19.21,187,16.47,287,16.99,291,24.84,72,39.27,123,37.53,22,10.47,309,6.99,298,5.66,290,25.16,204,29.84,21,16.73,278,15.99,210,12.23,276
2023,"Detroit Mercy",76.71,242,-0.37,214,-0.01,185,-0.56,261,-0.62,263,-0.33,221,-0.19,203,2.62,17,33.15,116,16.98,283,18.16,229,19.33,182,20.66,147,24.82,73,42.32,75,20.08,294,19.77,116,9.08,221,8.66,143,31.54,39,20.86,271,20.48,116,13.13,312,13.91,198
2023,"Drake",76.35,302,0.23,141,-0.17,210,-1.21,325,-1.61,328,-0.91,278,0.03,167,2.27,79,27.72,253,17.36,267,29.16,4,18.55,215,15.22,335,19.7,212,44.05,54,15.6,340,20.17,107,7.75,277,12.4,48,28.56,100,19.44,312,21.08,95,12.03,340,18.87,35
2023,"Drexel",77.41,122,0.03,164,-0.95,298,-0.01,164,0.76,82,1.81,36,-0.46,233,2.08,126,31.38,167,25.28,35,14.53,335,22.17,85,18.11,240,19.88,205,44.63,46,18.48,311,20.44,99,10.11,188,6.31,266,36.11,7,17.96,338,19.19,165,10.75,352,15.95,107
2023,"Duke",79.29,1,3.22,4,2.87,3,2.11,7,1.76,25,1.09,79,3.05,3,0.89,356,31.76,154,22.48,91,21.44,99,19.24,187,16.8,296,20.02,200,36.54,188,36.08,32,12.48,276,7.15,296,7.71,183,30,60,27.49,49,16.93,265,15.14,247,10.4,343
2023,"Duquesne",75.92,334,-0.33,209,0.2,141,-0.47,249,-1.01,297,-4.19,358,-0.06,184,1.96,170,37.34,34,21.48,119,19.04,196,19.76,166,24.33,45,15.37,335,44.51,49,26.78,179,13.06,261,9.13,220,6.43,258,28.57,98,20.7,281,18.4,207,21.71,26,10.59,337
2023,"East Carolina",77.07,185,0.46,123,0.3,130,-0.06,172,-0.02,185,-0.75,269,0.38,120,1.25,334,31.91,150,20.48,154,19.27,185,17.11,272,23.14,70,19.96,203,35.81,202,25.15,211,10.01,316,18.59,33,10.37,83,26.22,169,25.6,103,17.28,251,15.64,224,15.2,141
2023,"East Tennessee St.",76.35,301,-1.1,292,1.05,50,0.6,100,-2.43,356,-1.76,324,-0.03,176,1.53,296,31.58,162,16.45,302,24.94,24,19.64,170,14.67,344,24.3,84,29.88,304,39.93,11,19.08,125,5.03,343,6.08,276,22.88,285,26.9,62,21.09,94,12.78,327,16.35,97
2023,"Eastern Illinois",76.57,265,-0.05,175,0.23,135,-0.06,172,-1.05,301,-1.65,317,0.09,159,1.43,317,38.07,24,22.8,74,18.1,232,14.69,332,20.55,151,23.8,97,44.73,45,27.93,151,4.77,363,8.03,260,14.45,27,26.07,175,26.15,78,14.47,339,14.73,265,18.5,41
2023,"Eastern Kentucky",76.31,308,-1.3,315,0,184,-0.04,169,-2.24,349,-0.3,217,-0.65,262,1.55,292,30,198,19.73,184,20.83,117,26.36,12,19.42,189,13.58,358,36.15,196,27.98,150,23.12,62,4.71,347,7.96,170,26.05,178,26.72,66,20.11,134,13.06,314,13.99,194
2023,"Eastern Michigan",77.74,72,0.71,99,1.05,50,0.3,128,0.15,163,1.09,79,0.88,72,0.78,360,32.42,131,29.34,12,15.26,322,16.5,285,18.77,216,20.11,194,16.31,363,29.88,122,29.29,13,9.96,194,14.48,26,30.25,58,18.48,329,17.88,231,12.94,320,20.41,14
2023,"Eastern Washington",78.86,8,0.67,105,0.05,158,1.53,25,2.76,2,3.9,2,0.36,123,1.64,270,29.69,210,21.38,125,24.68,30,20.44,140,17.4,277,16.05,319,26.55,332,8.87,363,23.39,57,28.26,2,12.86,42,20.73,327,14.13,361,24.27,32,25.87,4,14.96,149
2023,"Elon",77.08,183,0.35,135,-1.75,344,-0.06,172,1.76,19,-0.3,218,-0.7,270,2.02,147,29.28,223,18.7,218,14.85,328,19.99,160,22.28,97,24.18,87,38.79,138,15.2,342,18.32,137,17.16,49,10.53,78,23.1,281,16.54,351,25.86,15,19.75,58,14.75,155
2023,"Evansville",77.28,146,0.38,131,0.22,137,0.84,75,-0.26,234,-0.21,210,0.3,135,2.19,99,29.39,220,20.86,140,17.26,263,25.82,16,20.42,153,15.64,328,38.22,150,22.34,259,21.09,85,12.83,121,5.51,294,29.1,83,20.26,294,14.35,340,22.74,13,13.55,211
2023,"FIU",75.9,336,0.9,87,-2.45,358,-1.06,306,-1.42,323,-1.91,329,-0.77,286,1.23,335,38.35,19,17.34,269,17.59,251,26.73,9,18.06,243,20.2,191,32.46,266,17.26,323,15.26,200,17.13,51,17.81,7,23.96,256,22.16,222,18.62,196,16.43,188,18.77,37
2023,"Fairfield",77.68,79,-0.01,166,0.65,94,0.23,136,0.76,82,1.38,55,0.32,131,2.24,88,29.37,221,20.43,157,23.53,46,14.25,338,20.69,146,21.1,166,38.02,158,33.02,63,9.75,321,12.12,136,7.09,216,29.48,71,22.05,226,17.49,246,16.81,165,14.17,183
2023,"Fairleigh Dickinson",73.37,363,-3.26,362,-2.79,361,-2.86,362,-4.85,363,-4.78,362,-3.02,363,1.94,177,33.48,108,19.51,191,17.19,264,19.21,189,19.3,196,24.79,74,25.39,340,32.46,77,27.3,22,9.51,209,5.31,300,18.91,352,22.92,186,20.63,110,22.17,18,15.37,131
2023,"Florida",77.67,82,1.62,37,0.49,106,-0.38,238,0.08,175,1.13,77,1.06,56,1.93,180,34.37,85,23.89,51,19.16,189,22.92,65,16.28,319,17.74,277,32.11,277,28,149,18.04,144,11.87,147,9.97,99,25.02,207,22.76,197,17.19,255,20.63,40,14.4,171
2023,"Florida A&M",77.36,134,-0.73,253,-0.08,195,0.61,98,0.51,121,1.09,79,-0.4,229,1.98,158,35.83,57,13.03,358,22.69,66,20.71,128,22.35,95,21.22,161,29.84,306,25.07,212,24.45,48,15.99,66,4.65,325,22.32,298,25.96,88,18.34,209,19.14,76,14.24,181
2023,"Florida Atlantic",76.02,329,1.45,49,-2.95,362,-2.04,358,-1.24,310,-0.55,246,-0.75,283,1.43,314,39.02,14,22.28,101,23.2,54,13.85,347,23.65,60,17.03,296,42.65,71,20.94,278,8.87,334,21.37,16,6.17,273,26.98,143,19.85,303,18.41,206,20.71,38,14.06,189
2023,"Florida Gulf Coast",76.93,203,-0.39,215,-0.6,267,-0.06,172,-0.15,201,0.43,144,-0.49,238,1.97,165,28.27,242,22.1,105,18.3,225,13.88,346,19.64,181,26.04,51,44.08,52,25.49,204,8.41,341,17.18,48,4.78,321,26.17,171,24.32,138,17.83,234,19.37,70,12.27,273
2023,"Florida St.",79.22,2,2.69,8,0.69,90,1.36,38,1.88,18,4.09,1,1.69,19,1.09,349,25.93,295,17.12,273,20.09,146,18.06,235,21.68,114,23.05,107,33.62,241,25.86,196,20.21,106,13.32,107,7,222,21.91,306,27.07,56,21.76,77,15.05,253,14.21,182
2023,"Fordham",77.46,116,0.09,158,0.13,153,0.01,161,0.44,127,1.23,67,0.11,155,2.05,134,28.53,236,18.85,212,25.18,18,13.3,352,17.17,284,25.48,62,49,22,27.62,162,7.66,346,10.53,178,5.16,309,29.2,79,24.61,131,17.6,239,13.76,294,14.82,152
2023,"Fresno St.",77.37,133,0.95,84,-0.94,296,-0.06,172,1.51,39,-0.03,198,0,172,2.62,16,32.33,134,25.28,34,13.07,355,24.03,40,14.91,337,22.67,119,48.73,23,13.33,348,7.59,347,18.86,31,11.44,58,36.74,5,15.72,357,15.51,310,19.83,55,12.15,283
2023,"Furman",76.59,257,-1.22,302,-0.32,228,-0.81,284,-0.24,206,0.15,174,-0.77,285,1.85,211,26.25,285,17.6,253,23.39,47,18.08,234,22.67,81,18.23,266,28.47,318,26.33,188,23.54,56,15.71,73,5.91,282,20.88,323,28.05,41,21.61,83,12.15,337,17.28,66
2023,"Gardner Webb",76.34,305,-0.63,237,-0.38,235,-0.48,251,-1.05,300,-1.2,298,-0.5,242,2.08,125,33.7,102,20.61,149,20.14,143,22.2,84,16.07,325,20.99,168,34.33,225,32.9,66,21.79,77,4.39,351,6.58,249,25.27,199,20.53,287,20.18,130,18.61,92,15.41,127
2023,"George Mason",77.31,143,0.12,151,0.42,117,-0.2,218,0.76,82,0.01,192,0.27,139,2.38,56,33.49,107,25.92,30,18.2,227,17.54,257,18.83,213,19.5,219,40.88,93,33.6,55,11.72,293,6.71,304,7.04,219,27.42,127,25.98,87,17.53,240,17.21,141,11.84,301
2023,"George Washington",77.58,95,0.92,86,0.5,105,-0.09,199,0.56,116,0.61,125,0.71,86,2.44,44,18.55,358,15.86,313,16.13,299,15.41,309,25.2,29,27.4,32,32.59,261,35.54,40,17.8,149,10.26,185,3.81,344,24.9,217,26.99,60,24.75,27,14.05,283,9.31,355
2023,"Georgetown",78.11,45,1.29,64,1.04,60,0.34,124,0.38,138,2.09,23,1.17,48,1.9,191,28.52,237,18.46,228,15.45,315,21.39,108,20.24,160,24.42,80,37.66,170,28.55,141,12.63,273,13.64,101,7.47,193,29.61,67,22.99,184,18.15,215,18.12,109,11.09,326
2023,"Georgia",77.59,90,0.96,83,0.82,80,0.72,82,0.04,180,-0.02,194,0.89,71,2.24,91,44.35,3,19.04,204,19.37,179,15.95,302,26.65,19,18.96,240,38.02,156,27.4,165,15.25,201,12.91,119,6.38,260,26.63,157,23,181,18.03,221,15.76,221,16.55,95
2023,"Georgia Southern",76.4,293,0.47,120,-0.18,212,-0.86,292,-1.67,330,-1.2,299,0.15,150,2.67,13,32.58,128,14.32,347,25.14,19,18.78,207,20.27,159,21.44,157,39.53,116,31.96,87,14.97,211,6.89,299,6.57,251,24.99,210,23.17,173,20.94,97,15.06,252,15.76,118
2023,"Georgia St.",76.28,313,-1.11,293,-0.94,297,-0.8,282,-0.69,271,-0.49,237,-1.03,313,1.17,341,31.17,174,16.08,306,21.05,112,19.34,181,23.69,59,19.78,209,37.85,166,25.73,201,15.73,193,12.82,122,7.77,178,29.02,86,24.73,126,17.06,261,15.68,223,13.43,221
2023,"Georgia Tech",77.12,170,-0.93,281,-0.44,248,0.94,59,0.01,183,0.63,120,-0.69,268,2.03,145,29.06,229,18.09,241,19.1,194,23.52,53,20.61,149,18.62,248,43.47,59,30.63,109,5.16,361,5.02,344,15.63,19,24.65,228,22.57,207,15.86,302,15.16,245,21.7,10
2023,"Gonzaga",78.04,51,0.74,94,1.1,46,1.21,46,0.4,136,1.36,56,0.92,68,2.16,105,24.89,314,28,18,20.18,140,18.93,201,18.28,233,14.62,346,39.02,129,31.04,104,12.99,264,13,115,3.94,343,25.24,200,22.45,213,23.59,36,15.93,213,12.79,255
2023,"Grambling St.",77.39,130,0.99,79,0.28,133,-0.11,206,-0.25,232,0.65,118,0.63,90,2.49,36,35.21,71,17.92,245,22.06,80,22.8,68,19.12,201,18.04,268,35.62,205,25.03,214,17.07,165,13,116,9.19,125,24.34,241,24.22,141,20.9,101,16.15,199,14.32,176
2023,"Grand Canyon",77.14,168,-0.69,249,-0.51,256,-0.38,239,0.75,105,1.1,78,-0.6,250,1.71,250,32.29,135,15.39,326,21.16,110,15.41,308,28.43,7,19.61,215,43.82,55,26.23,190,10.26,313,9.73,201,9.96,100,27.84,117,25.15,116,16.09,291,17.55,130,13.37,226
2023,"Green Bay",76.55,267,-0.96,282,-1.09,317,-0.86,293,-0.35,240,0.62,123,-1.03,312,1.39,322,37.48,29,22.42,96,22.52,70,20.86,123,17.44,273,16.72,303,34.12,229,22.75,254,17.35,157,8.31,251,17.41,9,20.3,333,20.83,275,21.59,85,17.84,117,19.41,26
2023,"Hampton",77.35,137,-1.89,348,-1.26,333,-0.06,172,1.76,19,2.78,11,-1.58,345,2.05,139,21.2,347,19.1,201,22.68,68,17.22,269,20.9,140,20.04,198,52.5,11,17.88,317,16.46,180,3.37,359,9.71,109,30.28,57,24.57,132,19.48,157,12.72,329,12.88,251
2023,"Hartford",75.94,332,-0.67,247,-1.01,311,-1.06,306,-0.49,254,-2.48,343,-0.84,299,2.16,104,27.55,259,20.31,164,15.55,311,26.32,13,19.54,185,18.26,264,35.1,213,37.93,20,9.79,320,7.92,265,9.22,123,27.3,133,23.68,162,15.45,312,16.59,176,16.95,76
2023,"Harvard",77.69,77,-0.21,186,-0.75,277,0.94,59,1.63,32,1.41,53,-0.48,235,1.94,175,29.42,218,19.64,187,21.22,105,24.16,38,17.89,252,17.07,294,30.93,294,15.7,339,26.5,26,15.9,67,10.94,67,19.72,340,22.74,199,24.88,24,17.42,136,15.22,139
2023,"Hawaii",77.16,162,1.35,59,1.67,20,0.94,59,-1.28,319,-2.3,337,1.51,31,2.03,143,21.41,345,19.88,178,20.26,138,19.6,174,20.2,163,20,201,24.48,342,33.5,56,26.98,24,4.66,349,10.27,86,27.72,118,24.96,120,20.46,119,13.32,305,13.47,219
2023,"High Point",76.59,259,-1.39,321,0.05,158,-0.69,272,0.76,82,-1.18,297,-0.67,266,1.75,242,33.84,101,12.4,359,20.42,135,23.56,51,26.98,15,16.6,306,38.94,133,31.19,101,9.84,319,12.73,124,7.28,205,26.09,174,27.89,44,17.49,247,16.47,183,12.02,291
2023,"Hofstra",76.52,274,-0.84,269,0.22,138,-1.55,341,-0.24,206,-0.38,225,-0.31,218,2.09,122,26.18,287,15.24,329,18.68,210,22.98,63,28.74,4,14.34,350,49.73,18,23.66,237,9.27,330,6.78,302,10.5,79,22.5,294,19.62,307,18.93,184,20.85,36,18.07,48
2023,"Holy Cross",76.29,312,-3.26,362,-1.54,341,-0.06,172,0.79,78,0.09,176,-2.4,360,1.67,261,19.27,353,22.36,100,16.98,272,17.11,273,22.8,76,20.69,177,38.52,144,21.89,263,10.69,306,22.93,8,5.89,283,25.5,192,25.94,89,18.97,181,19.16,75,10.35,345
2023,"Houston",76.74,232,-1.26,305,0.1,155,-0.09,197,-0.74,276,0.28,160,-0.58,248,1.46,311,27.51,261,18.67,220,20.69,121,16.88,277,24.56,42,19.17,231,35.1,214,34.33,48,16.14,187,8.54,236,5.83,284,25.02,208,28.2,35,19.52,156,14.77,262,12.44,267
2023,"Houston Christian",77.02,192,0.31,138,-1.39,337,-0.18,214,-0.24,206,1.22,70,-0.54,244,1.95,172,25.59,299,22.71,77,13.62,352,22.53,76,18.06,242,23.04,108,41.72,84,30.64,108,13.71,248,8.51,241,5.35,299,27.49,125,30.76,13,17.12,259,12.59,332,11.97,295
2023,"Howard",76.88,212,0.45,124,0.9,72,0.09,155,-0.58,259,-1.86,327,0.68,88,1.65,268,36.31,52,18.86,211,23.22,53,18.26,225,21.29,124,18.37,256,20.73,355,24.49,227,25.71,35,22.2,10,6.86,233,24.16,249,23.09,178,20.02,139,15.93,214,16.77,83
2023,"IUPUI",77.08,182,-0.26,192,-1.15,321,-1.06,306,0.37,142,2.09,23,-0.7,272,1.2,337,37.42,32,17.02,280,14.58,334,20.59,134,20.34,154,27.45,31,40.88,94,24.23,231,15,209,13.28,110,6.58,248,24.13,252,21.78,239,18.95,182,15.92,216,19.19,30
2023,"Idaho",76.53,273,-0.64,241,-1.12,318,-1.41,337,-0.68,269,1.09,79,-0.88,303,1.92,182,23.93,329,29.75,7,18.14,230,18.25,226,21.86,107,11.91,363,48.45,24,20.55,288,14.53,222,11.42,154,4.96,316,33.96,15,24.62,130,16.88,267,12.69,330,11.78,306
2023,"Idaho St.",77.41,123,-0.26,192,0.9,74,-0.08,194,-0.24,206,1.32,58,0.32,130,2.17,103,33.36,111,16.44,303,24.75,27,12.81,356,19.88,174,26.09,50,32.54,263,34.09,51,20.03,110,5.05,341,8.24,159,20.84,324,25.73,95,18.9,187,18.79,86,15.7,120
2023,"Illinois",78.71,15,0.58,112,2.05,11,1.57,23,2.3,10,1.63,43,1.32,38,1.41,318,31.6,161,17.75,251,25.68,15,13.02,355,25.14,31,18.34,259,26.62,331,23.92,235,27.26,23,15.71,71,6.4,259,22.27,299,26.75,65,20.09,136,16.93,155,13.87,199
2023,"Illinois Chicago",77.19,158,-0.52,228,0.21,140,-0.05,171,0.56,117,0.35,154,-0.16,196,1.11,347,28.39,239,18.51,225,18.07,235,19.53,177,21.61,116,22.23,133,35.63,204,16.65,330,15.34,199,21.84,13,10.45,82,27.4,129,21.07,264,17.96,226,18.92,83,14.57,163
2023,"Illinois St.",77.24,153,0.15,146,0.54,102,0.98,58,-0.56,258,-0.34,222,0.35,127,2.42,49,25.76,297,17.53,261,20.88,116,19.07,195,18.5,224,24,91,36.1,197,32.48,76,15.35,198,5.92,321,10.09,94,22.53,293,27.92,42,19.62,152,13.06,315,16.83,79
2023,"Incarnate Word",76.65,255,0.1,154,0.03,179,-1.62,345,-0.93,289,0.24,167,0.07,163,1.01,351,31.5,164,20.3,165,16.59,287,18.8,204,17.73,260,26.53,42,38.22,151,17.06,324,16.89,171,16.63,59,11.14,63,32.56,32,20.28,292,18.6,198,15.06,251,13.42,223
2023,"Indiana",78.58,20,-0.26,192,0.95,70,1.41,34,2.38,8,3.02,8,0.35,128,1.5,301,29.6,212,28.43,16,19.74,164,16.42,291,19.95,170,15.43,333,42.7,69,27.35,167,13.96,238,6.3,315,9.65,112,33.59,22,22.79,195,14.6,335,14.74,263,14.25,179
2023,"Indiana St.",77.74,73,-0.01,167,-0.47,252,0.28,131,1.04,63,2.45,17,-0.24,208,2.19,100,34.52,84,22,107,19.76,163,21.48,105,20.82,142,15.93,321,29.67,309,26.46,186,17.34,158,16.54,60,9.99,98,20.21,337,17.58,340,22.11,63,23.87,8,16.23,100
2023,"Iona",77.5,111,1.71,34,1.26,39,-1.39,336,-0.38,247,0.87,104,1.49,35,1.9,190,26,292,17.54,260,19.08,195,15.55,305,21.74,111,26.1,49,29.34,312,35.84,35,14.33,225,13.25,112,7.24,208,24.25,245,25.66,97,15.34,317,15.43,233,19.32,27
2023,"Iowa",78.34,27,-0.26,192,1.31,33,1.52,27,1.57,36,2.16,21,0.53,102,2.04,141,27.84,249,22.42,97,27.55,6,18.28,224,15.71,329,16.02,320,27.22,327,32.75,68,16.9,170,13.98,96,9.14,130,23.68,268,26.12,80,21.92,72,16.21,195,12.06,289
2023,"Iowa St.",77.27,147,0.63,106,0.3,131,-1.03,304,0.41,134,0.62,122,0.47,107,2.41,54,31.05,178,23.45,59,16.03,302,23.93,43,21.02,137,15.54,329,42.11,78,26.68,182,9.47,327,6.74,303,14.94,24,23.8,264,26.83,63,16.83,271,14.71,267,17.79,57
2023,"Jackson St.",75.99,331,-0.1,182,-0.64,272,-0.06,172,-0.61,261,-4.07,356,-0.37,226,1.64,271,29.88,205,19.66,186,20.54,127,22.63,74,21.23,128,15.86,322,27.96,321,32.69,70,21.83,76,8.77,229,8.68,142,25.33,197,26.67,67,18.2,212,17.83,118,11.9,298
2023,"Jacksonville",76.7,243,0.82,89,-1.19,327,-2.06,359,-0.24,206,0.78,108,-0.19,201,2.41,52,27.09,273,21.98,109,17.62,250,18.71,210,18.21,237,23.41,105,38.29,148,27.88,154,16.04,189,11.09,165,6.6,247,22.84,286,22.51,209,16.04,293,20.82,37,17.72,59
2023,"Jacksonville St.",76.77,227,0.4,128,-0.26,221,-0.08,196,-0.82,283,-0.8,271,0.07,162,2.05,133,33.63,105,16.83,288,18.32,224,20.45,138,21.53,118,22.81,116,34.11,230,24.83,222,26.22,29,7.76,276,7.01,221,17.34,360,25.17,115,25.73,16,21.14,33,10.55,338
2023,"James Madison",76.89,211,-1.26,305,-0.08,198,-0.26,226,0.76,82,-0.14,205,-0.67,265,2.04,140,38.56,18,21.84,113,18.79,206,19.25,186,20.64,148,19.43,221,25.61,337,36.34,30,15.15,204,15.7,74,7.14,213,19.31,350,21.64,242,22.97,49,22.91,10,13.12,238
2023,"Kansas",77.45,117,-0.72,252,0.99,65,1.59,22,0.22,154,-0.22,212,0.13,153,1.49,303,18.1,361,21.75,115,29.36,3,19.6,173,14.7,342,14.56,347,20.2,357,22.84,252,31.86,6,17.53,42,7.51,191,20.22,336,30.44,18,20.04,138,18.85,84,10.42,341
2023,"Kansas St.",76.29,311,0.67,104,0.95,69,-0.36,236,-0.86,284,-4.36,360,0.81,79,2.47,41,24.35,325,19.12,199,21.71,90,20.41,142,14.83,339,23.88,96,37.24,177,28.49,143,22.35,72,7.22,291,4.63,327,24.42,238,20.3,291,22.18,59,17.82,119,15.22,140
2023,"Kennesaw St.",75.89,337,-1.73,339,-1.06,314,-1.06,306,0.13,165,-2.26,336,-1.39,334,2.38,58,29.66,211,22.49,90,18.45,220,18,236,18.24,236,22.77,117,41.71,85,27.26,169,11.71,294,12.07,138,7.18,211,25.55,189,27.02,58,19.14,171,13.66,295,14.57,162
2023,"Kent St.",75.68,345,-0.84,266,-0.79,281,-1.63,346,-2.14,347,-1.58,313,-0.81,292,2.24,90,28.61,235,19.35,195,18.59,215,20,159,19.92,171,22.14,137,38.3,147,32.67,73,22.7,68,3.46,358,2.87,357,27.64,120,26.09,81,19.55,155,13.83,292,12.88,252
2023,"Kentucky",77.59,92,-0.26,192,1.83,18,0.56,104,1.07,61,-0.68,258,0.79,82,1.87,198,28.75,232,18.04,243,24.7,29,20.07,155,22.17,100,15.01,342,24.37,343,50.66,2,12.9,267,8.31,252,3.75,346,25.24,201,35.33,3,18.16,214,12.74,328,8.53,360
2023,"LIU",77.02,193,-1.26,305,-0.51,257,0.92,71,1.47,41,-0.93,287,-0.88,304,1.19,338,34.7,75,16.04,308,23.93,41,21.73,99,18.13,239,20.12,193,30.43,297,16.15,333,17.1,164,27.87,3,8.38,151,25.37,196,23.73,159,16.53,284,19.56,65,14.74,157
2023,"LSU",77.54,103,0.97,81,2.8,4,-0.78,280,-0.77,280,0.06,187,1.89,14,1.84,213,34.73,74,16.83,287,29.4,2,16.07,300,20.09,166,17.6,282,35.79,203,36.41,29,7.84,344,15.74,70,4.18,339,25.99,180,27.38,53,13.09,355,19.04,81,14.49,168
2023,"La Salle",76.23,318,-0.73,254,-0.34,232,-0.71,274,-1,296,-1.5,312,-0.54,243,1.99,154,32.11,141,16.51,299,18.13,231,21.74,97,24.92,36,18.69,245,32.92,252,28.03,148,17.15,162,14.43,91,7.44,194,24.57,234,21.41,255,24.62,28,16.83,162,12.55,264
2023,"Lafayette",77.49,112,-0.22,188,0.05,158,1.31,41,0.19,159,0.7,116,-0.08,189,1.34,328,26.63,279,25.94,29,24.95,22,18.21,228,16.73,302,14.17,354,32.21,273,23.45,242,24.45,47,8.97,225,10.92,68,23.92,258,17.55,341,22.18,60,19.9,52,16.46,96
2023,"Lamar",75.71,342,-0.02,170,-1.24,330,-1.95,356,-1.99,340,-1.67,320,-0.63,257,0.81,359,33.44,110,20.92,137,17.02,271,15.26,316,27.66,11,19.11,235,47.54,26,22.9,249,12.15,280,8.96,226,8.41,149,33.39,25,22.67,201,18.74,190,11.84,342,13.3,229
2023,"Lehigh",76.85,217,0.16,145,-0.81,284,-0.35,235,0.28,146,-0.43,232,-0.33,220,1.82,221,33.92,100,17.06,279,24.32,37,13.29,353,24.25,49,21.09,167,51.17,15,23.48,240,9.65,323,6.06,320,9.64,113,19.5,344,30.56,17,14.91,326,12.89,322,22.15,6
2023,"Liberty",75.02,362,-1.36,319,0.05,158,-1.14,321,-3.97,362,-3.91,355,-0.65,264,1.94,173,31.62,158,18.51,226,19.98,153,9.43,363,17.96,249,34.11,1,41.83,82,10.71,359,31.94,5,7.85,269,7.62,187,29.06,85,19.49,311,22,67,14.43,276,14.99,147
2023,"Lindenwood",75.65,347,-2.03,351,-1.08,315,-1.54,340,-1.24,311,-1.27,304,-1.56,344,2.48,39,27.31,267,26.15,26,17.3,262,12.3,360,20.75,144,23.5,103,40.03,106,32.43,78,11.5,297,8.33,250,7.72,182,26.28,168,25.19,114,17.12,260,14.67,269,16.75,84
2023,"Lipscomb",76.72,239,-0.09,179,-1.17,323,-1.56,342,-0.24,206,1.24,65,-0.63,256,1.43,316,34.55,83,20.69,146,23.1,57,19.28,184,18.9,209,17.98,272,31.48,283,31.58,96,14.58,218,9.66,205,12.64,43,27.36,131,20.93,268,15.87,300,18.29,99,17.5,63
2023,"Little Rock",77.27,148,-1.26,305,-0.27,222,0.94,59,1.52,38,-0.01,193,-0.76,284,1.96,167,29.25,224,21.89,112,19.15,190,22.35,82,18.01,246,18.6,249,29.73,308,23.43,243,25.17,40,11.21,162,10.46,81,19.06,351,18.36,331,30.44,2,22.16,19,9.98,351
2023,"Long Beach St.",77.38,131,0.87,88,-0.08,197,0.08,156,0.78,79,-0.15,206,0.4,115,1.21,336,34.06,95,22.5,86,17.46,256,16.06,301,22.52,85,21.41,158,38.88,135,16.35,331,15.1,206,22.69,9,6.88,230,31.94,35,14.97,358,17.45,248,21.42,30,14.15,185
2023,"Longwood",76.12,322,-2.26,355,-0.77,279,-0.51,253,-1.36,321,0.09,176,-1.51,343,2.5,35,33.96,98,21.36,127,20.01,149,22.66,72,18.05,244,17.89,275,26.79,329,30.06,117,22.05,74,10.89,171,10.17,91,25.32,198,17.12,348,23.86,33,17.03,150,16.66,88
2023,"Louisiana",76.55,270,1.3,63,0.02,180,-1.86,352,-2.24,349,0.09,176,0.66,89,1.86,209,28.34,241,26.44,23,21.18,109,21.93,92,14.88,338,15.51,330,33.56,242,38.65,15,14.12,232,7.81,274,5.78,287,33.37,26,29.24,25,13.85,345,10.04,358,13.44,220
2023,"Louisiana Monroe",76.26,317,0.17,144,-0.15,207,-0.81,285,-2.44,357,-0.91,278,0.01,171,2.07,130,19.1,355,15.65,320,15.88,306,19.04,196,24.37,44,25.02,66,44.4,50,21.3,270,18.18,140,10.78,173,5.25,302,27.59,122,22.59,205,15.38,316,18.69,90,15.68,121
2023,"Louisiana Tech",76.95,202,-0.22,189,-0.5,254,0.02,160,-0.24,206,0.26,161,-0.36,224,1.55,290,34.59,80,17.13,272,16.69,281,21.58,103,16.22,321,28.33,17,38.23,149,26.98,175,18.61,132,8.34,249,7.78,177,24.05,253,23.32,171,20.81,103,15.61,225,16.16,103
2023,"Louisville",78.77,12,0.59,111,1.38,30,2.91,1,1.45,44,2.09,23,0.99,63,1.53,298,28.06,244,16.6,294,18.71,208,16.93,276,18.58,218,29.14,12,31.53,282,27.28,168,19.79,115,14.84,84,6.49,256,28.07,112,27.08,55,16.75,276,16.1,203,11.94,297
2023,"Loyola Chicago",76.72,237,-0.59,234,0.05,158,0.64,94,-1.06,302,-0.83,275,-0.27,212,1.98,161,31.66,157,20.61,150,16.38,294,27.42,5,17.96,247,17.64,280,39.82,109,9.83,360,30.76,10,14.11,93,5.48,295,23.94,257,21.94,232,23.63,35,18.14,108,12.35,270
2023,"Loyola MD",75.62,349,0.74,94,0.24,134,-1.27,330,-3.24,361,-3.77,354,0.49,104,1.77,235,31.95,149,20.36,159,14.27,341,19.91,162,20.76,143,24.66,78,44.56,47,29.46,127,16.66,174,5.11,340,4.16,340,33.51,24,26.82,64,16.56,282,10.82,351,12.26,274
2023,"Loyola Marymount",77.47,114,0.53,117,-0.54,260,0.78,80,-0.05,190,1.2,72,-0.01,173,2.29,74,32.96,120,14.57,342,14.42,338,20.1,153,18.99,205,31.9,2,39.19,125,12.69,351,28.01,18,5.31,334,14.77,25,30.79,50,16.36,353,24.51,29,9.58,360,18.73,38
2023,"Maine",76.41,286,-0.61,236,-1.6,343,-1.06,306,-0.18,203,0.09,176,-1.11,319,1.69,255,22.56,339,18.33,232,20.51,129,24.47,34,24.68,39,11.95,362,32.25,272,31.15,102,7.13,352,19.98,24,9.41,120,23.76,266,23.13,176,13.19,353,19.62,64,20.23,16
2023,"Manhattan",77.16,164,0.08,159,-1.08,316,-0.06,172,0.84,70,0.6,126,-0.5,240,2.65,14,25.85,296,20.25,167,14.45,337,17.79,245,21.22,130,26.23,46,52.4,12,21.25,272,10.46,310,7.86,268,7.92,171,38.72,1,19.31,314,15.57,306,15.33,237,10.97,330
2023,"Marist",77.4,127,1.31,61,-0.39,239,-0.33,231,0.41,133,0.59,127,0.46,108,1.55,293,31.1,176,33.54,1,13.57,353,14.84,329,18.92,207,19.13,233,33.3,247,38.2,19,20.72,89,4.97,345,2.82,359,27.62,121,19.2,316,22.12,62,18.18,104,12.88,253
2023,"Marquette",77.18,159,0.11,152,0.75,87,-0.55,258,0.08,174,0.12,175,0.43,111,0.82,358,27.15,270,18.38,230,22.63,69,20.89,120,22.03,104,16.05,318,34.19,228,30.28,112,11.73,292,10.5,179,13.27,33,22.78,289,21.44,250,19.85,147,20.54,42,15.38,128
2023,"Marshall",77.85,65,2.29,15,1.05,50,0.29,130,-0.03,186,0.23,168,1.67,22,1.81,223,15.95,363,14.98,333,14.3,339,27.32,7,26.87,17,16.51,310,42.67,70,20.22,291,17.74,151,13.51,105,5.8,285,36.77,4,22.99,183,15.31,318,15.55,229,9.32,354
2023,"Maryland",77.88,63,-0.59,233,1.05,50,1.83,15,1.22,58,0.49,139,0.23,140,2.52,30,25.03,310,22.56,82,20.27,136,13.49,349,16.75,301,26.88,39,38.45,145,17.33,320,17.89,148,9.32,212,16.93,12,28.25,109,21.08,263,17.78,235,13.05,316,19.77,21
2023,"Maryland Eastern Shore",75.23,358,-2.87,360,-1.95,351,-1.87,353,-0.96,291,-1.61,314,-2.41,361,2.57,22,36.74,43,17.64,252,21.8,88,24.35,35,21.84,108,14.33,351,35.23,212,28.28,144,11.84,290,14.68,87,9.94,101,27.08,140,24.16,147,16.76,275,15.34,236,16.63,90
2023,"Massachusetts",77.53,104,0.19,143,0.52,103,1.51,29,0.69,109,-0.7,261,0.36,124,1.73,247,45.98,1,18.2,239,23.59,44,23.08,61,16.49,314,18.57,250,23.6,345,28.03,147,28.92,15,12.86,120,6.5,255,24.92,216,21.48,248,23.48,38,18.05,110,12,292
2023,"McNeese St.",77,195,-1.44,324,-0.25,218,0.42,118,0.79,77,0.07,186,-0.84,300,1.57,281,27.97,247,17.37,265,24.73,28,17.4,262,21.27,126,19.19,229,33.45,245,33.94,52,14.53,221,8.02,262,9.99,97,20.35,332,30.82,12,19.72,149,17.75,122,11.31,321
2023,"Memphis",76.84,220,-0.03,171,0.14,151,-0.04,170,-0.38,245,-0.91,278,0.06,165,2.8,1,36.67,46,23.42,60,15.59,310,17.67,249,14.43,346,28.89,13,31,292,24.86,221,17.95,145,18.85,32,7.34,200,28.57,99,24.03,150,11.73,362,19.84,54,15.84,114
2023,"Mercer",77.54,102,0.79,91,0.16,148,0.93,70,1.24,57,-0.83,274,0.47,106,1.78,230,37.44,31,29.59,8,18.38,222,16.53,283,16.16,322,19.28,225,38.85,136,19.12,303,11.93,288,18.19,37,11.85,51,28.86,90,23.91,152,14.93,325,16.6,175,15.64,123
2023,"Merrimack",76.18,319,-1.68,336,-1.24,332,-0.14,211,-0.26,235,-1.21,301,-1.46,340,1.69,254,29.55,213,29.36,11,22.18,77,16.45,289,14.01,352,17.93,273,52.61,10,8.99,361,18.55,134,8.66,231,11.12,65,29.47,72,19.02,320,21.94,70,18.35,98,11.15,324
2023,"Miami FL",76.8,224,-1.46,325,0.05,177,0.15,147,0.23,152,-0.39,227,-0.71,273,1.61,275,24.68,318,19.28,196,22.35,73,17.68,248,21.53,117,19.14,232,42.35,74,30.69,107,7.04,353,11.75,150,8.15,166,29.27,78,22.42,214,19.03,177,16.6,174,12.65,260
2023,"Miami OH",76.27,316,-1.31,317,-0.13,202,0.2,140,1.49,40,-4.32,359,-0.72,279,1.55,289,29.9,204,23.62,57,14.76,329,15.38,311,20.23,161,25.96,54,42.71,68,15.29,341,10.85,302,19.27,28,11.81,52,28.35,104,18.59,327,13.74,347,23.97,7,15.28,137
2023,"Michigan",78.47,24,3.18,5,1.32,32,2,8,1.45,45,-1.03,292,2.25,9,1.14,345,24.9,312,28.32,17,20.89,115,15.1,322,20.31,156,15.36,337,43.35,61,16.85,328,17.72,152,16.52,61,5.53,293,31.28,42,14.56,359,20.45,121,18.79,85,14.9,150
2023,"Michigan St.",77.73,74,0,165,1.87,15,0.52,112,0.61,115,0.25,163,0.93,67,1.98,162,28.02,245,14.4,345,23.3,51,18.35,222,21.73,113,22.16,135,44.79,44,24.96,219,20.47,95,5.04,342,4.67,324,28.3,106,24.82,124,16.87,268,18.72,89,11.23,322
2023,"Middle Tennessee",77.69,76,-0.84,267,-0.04,189,0.94,59,1.67,28,1.31,59,-0.44,231,1.76,238,30.59,187,20.71,145,16.41,292,18.37,221,23.02,73,21.45,156,20.09,358,18.83,307,26.89,25,17.15,50,16.96,11,24.95,213,17.22,347,19.13,173,20.34,43,18.31,43
2023,"Milwaukee",77.11,175,-0.23,190,0.01,182,0.59,101,0.28,148,-0.5,241,-0.11,190,1.32,330,34.6,79,18.23,237,17.64,248,27.25,8,17.78,258,19.08,237,37.9,164,17.28,322,14.2,230,12.79,123,17.81,8,24.17,248,22.03,227,20.2,129,19.63,63,13.95,197
2023,"Minnesota",78.65,18,1.6,39,0.79,83,1.94,9,1.53,37,1.97,32,1.19,45,1.13,346,31.53,163,26.41,24,19.66,167,21.94,90,17.9,251,14.04,356,32.6,260,24.99,218,14.8,213,18.38,34,9.15,129,27.66,119,19.58,308,15.6,305,21.73,25,15.37,129
2023,"Mississippi",77.68,80,-0.43,219,0.39,123,0.45,116,0.76,82,1.81,37,-0.02,174,1.95,171,37.28,36,17.41,263,19.85,157,17.33,265,21.05,135,24.3,83,29.19,314,32.39,79,25.71,36,6.09,318,6.55,253,24,254,24.98,119,22.07,64,14.82,261,14.07,187
2023,"Mississippi St.",77.9,62,1.74,30,0.83,79,1.76,16,-0.75,277,0.48,141,1.29,41,2.53,28,30.79,183,29.15,13,18.57,216,17.27,266,14.15,351,20.86,173,39.78,110,24.91,220,13.6,250,14.88,83,6.83,236,30.43,55,20.28,293,26.82,10,9.39,362,13.08,242
2023,"Mississippi Valley St.",76.58,261,-1.14,296,-0.35,233,0.26,132,-0.36,243,-0.91,278,-0.74,282,2.14,110,35.45,66,17.08,278,20.66,123,17.73,246,25.17,30,19.32,224,27.39,325,19.17,302,34.74,3,9.45,210,9.19,126,21.04,320,20.78,278,21.57,86,21.19,32,15.37,130
2023,"Missouri",76.43,284,-0.83,265,-0.76,278,-0.43,244,0.42,129,-1.66,319,-0.8,289,2.78,3,32.78,123,20.97,135,21.87,85,20.58,135,22.43,89,14.07,355,35.41,209,31.11,103,14.79,214,11.26,158,7.34,201,29.49,70,22.94,185,18.56,201,19.11,77,9.82,352
2023,"Missouri St.",77.01,194,-1.26,305,0.59,98,0.9,73,-0.5,255,-0.09,202,-0.33,221,1.86,206,37.27,37,20.31,163,19.47,175,22.96,64,17.22,283,20.04,199,40.34,104,20.76,284,18.34,135,10.98,169,9.58,115,28.66,96,20.05,299,23.73,34,15.18,244,12.39,269
2023,"Monmouth",77.5,109,0.51,118,-0.22,214,0.4,119,1.35,51,0.06,189,0.14,151,1.38,323,35.46,65,20.44,155,24.9,26,19.07,194,19.72,178,15.81,323,31.23,287,31.3,99,12.06,285,17.1,52,8.24,161,26.05,177,23.83,156,18.54,202,17.07,148,14.44,169
2023,"Montana",77.55,100,0.61,108,1.86,16,-0.47,250,-0.24,206,0.59,128,1.23,42,2.24,92,23.54,333,23.08,66,19.34,180,12.69,357,22.37,92,22.49,123,40.45,103,35.5,42,8.02,342,5.67,329,10.32,85,33.96,14,25.3,111,14.6,334,13.9,289,12.21,279
2023,"Montana St.",77.31,141,-0.63,239,0.75,86,0.25,133,0.74,106,0.04,190,0.06,164,1.94,174,32.83,122,28.67,14,13.75,350,19.27,185,23.96,55,14.27,352,45.05,42,12.32,352,17.3,159,8.72,230,16.5,14,29.14,82,13.61,363,17.99,222,15.93,215,23.25,3
2023,"Morehead St.",76.43,285,0.39,130,-1.87,346,-0.72,276,-0.24,206,-0.82,273,-0.74,281,2.36,65,25.48,301,22.54,83,16.64,284,14.97,326,18.68,217,27.16,36,52.69,9,17.85,318,14.52,223,9.26,216,5.64,291,27.13,137,21.05,265,17.2,254,19.48,67,15.11,143
2023,"Morgan St.",76.04,325,-0.07,177,-0.02,186,-0.34,233,-2.42,355,-2.37,338,-0.04,182,2.15,107,37.35,33,15.95,311,14.87,327,25.21,26,27.68,10,16.22,316,26.17,334,24.46,228,27.52,20,9.32,213,12.5,44,19.42,349,27.48,50,30.28,3,9.66,359,13.1,239
2023,"Mount St. Mary's",76.69,246,-0.4,217,-0.61,268,0.1,153,0.83,71,-1.9,328,-0.5,241,2.31,71,32.77,124,22.39,99,12.43,357,18.23,227,19.82,175,27.13,37,41.42,90,37.31,23,10.84,303,3.74,357,6.69,242,30.7,51,21.2,260,14.86,327,18.16,106,15.07,145
2023,"Murray St.",76.87,214,-1.6,331,-0.05,190,-0.81,286,0.25,150,1.16,75,-0.82,293,1.49,304,25.3,303,22.46,94,17.76,242,21.18,112,21.73,112,16.8,302,16.96,362,45.06,3,18.06,143,12.1,137,7.74,180,21.66,311,24.34,136,21.28,90,14.52,274,18.13,46
2023,"N.C. State",77.04,190,0.38,132,1.3,35,-1.21,326,-0.58,260,-0.07,201,0.84,76,2.25,86,27.1,272,18.84,215,17.11,266,25.1,28,16.84,294,22.09,138,33.26,248,31.29,100,9.08,332,17.51,43,8.83,137,23.09,282,27.45,51,14.52,338,16.91,157,18.01,49
2023,"NJIT",77.08,184,0.1,156,-0.15,208,-0.73,277,0.38,137,0.38,150,-0.02,175,2.6,20,34.28,87,17.92,244,23.24,52,25.66,17,15.23,334,17.9,274,29.91,302,38.58,17,7.81,345,16.67,57,6.99,223,21.06,319,35.99,1,14.26,341,13.3,306,15.33,132
2023,"Navy",75.63,348,-1.62,332,-1.24,331,-1.24,328,-1.78,334,-1.38,310,-1.43,336,2.43,48,32.14,140,25,38,21.63,92,18,238,20.29,158,15.05,339,38.64,143,19.05,306,21.99,75,12.02,143,8.26,158,27.48,126,23.39,169,20.13,132,17.49,134,11.46,317
2023,"Nebraska",77.65,85,0.39,129,0.23,136,0.56,105,0.83,72,0.85,105,0.31,132,1.79,226,35.58,61,20.89,139,20.61,125,15.76,303,16.55,311,26.2,47,41.65,89,11.27,356,26.11,32,11.06,166,9.92,102,28.19,110,25.45,107,16.9,266,17.61,127,11.84,300
2023,"Nebraska Omaha",77.61,89,-0.26,192,0.19,144,1.18,49,0.45,126,1.09,79,-0.03,179,0.92,355,36.51,51,18.85,213,21.24,104,23.3,58,16.9,292,19.65,214,27.61,324,28.61,140,13.28,256,24.18,5,6.24,271,22.61,291,21.41,254,25.4,20,14.58,272,15.92,110
2023,"Nevada",78.65,17,1.63,36,0.04,178,0.94,59,2.36,9,2.88,9,0.84,77,1.72,248,22.8,337,26.97,22,10.95,361,14.7,331,22.39,90,24.93,68,37.69,169,19.53,299,25.61,38,10.42,182,6.68,243,26.45,164,14.37,360,28.83,7,16.6,172,13.69,207
2023,"New Hampshire",76.65,253,-0.5,226,-0.95,298,-0.61,264,0.38,140,-0.49,238,-0.72,277,1.98,163,26.34,284,15.4,325,19.96,154,24.01,41,19.13,200,21.5,153,25.78,336,25.83,198,24.94,41,18.34,35,5.11,312,19.66,341,29.49,24,21.99,68,17.13,145,11.73,309
2023,"New Mexico",76.41,288,-0.9,277,0.58,100,-1.36,335,-1.24,311,-0.44,235,-0.16,197,2.36,63,21.06,348,22.11,104,12.28,358,15.17,320,23.33,67,27.06,38,42.53,72,36,34,8.57,338,5.78,328,7.03,220,31.25,44,21.29,258,16.04,294,14.26,279,17.1,73
2023,"New Mexico St.",78.14,38,-0.43,220,1,64,1.61,21,1.63,31,1.46,50,0.29,137,1.97,164,31.84,151,19.8,180,15.92,305,20.44,139,20.34,155,23.49,104,34.03,234,26.06,192,14.07,234,20.59,20,5.17,308,24.47,236,18.07,337,25.66,19,19.74,59,12.05,290
2023,"New Orleans",76.4,292,0.13,149,0.18,145,-0.83,289,-1.42,322,-1.48,311,0.16,149,1.64,269,38.58,17,20.55,152,20.53,128,19.85,164,17.31,280,21.71,149,33.45,244,25.02,215,28.39,17,11.26,159,1.79,363,25.22,202,22.05,225,25.25,23,16.7,170,10.7,335
2023,"Niagara",76.97,198,-1.16,297,-0.24,217,-0.54,255,-0.24,206,1.61,45,-0.7,271,2.13,113,28.36,240,18.9,209,19.51,173,13.99,344,22.22,99,25.37,63,41.84,81,21.61,266,19.47,123,8.11,257,8.92,135,27.91,114,19.26,315,14.57,336,16.39,189,21.84,9
2023,"Nicholls St.",76.55,269,-1.79,342,-0.45,249,-0.54,256,0.42,131,-0.32,219,-1.12,320,2.56,25,36.61,48,14.21,350,21.37,101,21.71,100,24,54,18.68,246,30.07,301,28.69,136,12.06,284,19.23,29,9.92,104,24.86,222,23,182,16.86,269,22.89,11,12.34,272
2023,"Norfolk St.",77.23,155,-0.64,243,-0.14,206,0.62,97,0.62,112,0.29,159,-0.39,228,2.26,82,34.12,93,21.44,122,17.85,238,14.36,336,18.33,231,28,23,32.91,253,19.82,297,18.77,129,22.16,12,6.31,265,23.84,259,21.01,266,17.28,252,18.26,101,19.6,23
2023,"North Alabama",76.35,303,0.07,160,-0.19,213,-0.84,291,-1.8,335,-0.91,278,-0.06,183,1.16,343,30.53,188,14.01,352,14.97,326,20.43,141,22.47,88,28.09,21,40.68,98,24.28,230,19.87,114,8.15,254,6.96,226,28.76,92,22.9,187,16.2,288,12.93,321,19.17,31
2023,"North Carolina",78.47,23,1.74,30,2.96,2,2.21,4,0.61,114,-0.6,250,2.35,7,2.27,80,18.26,360,20.71,144,19.23,186,14.61,333,22.52,84,22.94,112,28.9,316,38.97,13,21.27,84,3.92,355,6.94,227,26.57,159,26.59,68,14.53,337,13.76,293,18.55,40
2023,"North Carolina A&T",77.09,178,-0.75,256,-0.52,258,0.44,117,0.38,139,0.5,137,-0.64,260,1.84,214,29.08,228,16.66,291,16.82,274,22.64,73,18.89,211,24.92,69,32.73,257,25.81,199,13.86,242,12.05,142,15.46,20,29.74,64,18.6,325,21.63,80,15.89,217,14.05,192
2023,"North Carolina Central",76.74,231,1.84,27,0.15,150,-1.87,354,-1.24,311,-0.58,248,0.99,62,2.61,19,29.93,202,21.59,116,20.5,131,14.85,328,17.72,261,25.27,64,38.73,140,17.04,325,16.04,190,13,117,15.1,23,22.9,283,22.34,217,13.75,346,22.86,12,18.08,47
2023,"North Dakota",77.99,53,-0.26,192,1.03,62,0.21,139,0.76,82,2.81,10,0.39,117,1.44,313,31.23,172,20.68,147,20.48,132,20.63,132,20.19,164,18.03,269,34.39,224,18.09,314,18.1,142,15.4,80,14.02,29,25.43,194,16.43,352,20.23,128,20.04,47,17.86,53
2023,"North Dakota St.",77.52,105,1.47,47,1.51,26,-0.34,234,0.08,176,-0.5,240,1.49,34,0.99,352,35.22,70,30.79,5,14.65,333,23.2,59,16.61,307,14.72,345,39.42,118,37.22,24,10.71,305,7.18,294,5.44,296,32.9,30,18.34,333,21.14,92,15.6,226,11.99,293
2023,"North Florida",77.16,163,0.1,155,0.05,158,-0.18,213,0.04,179,0.38,149,0.08,160,1.78,231,27.77,250,21.53,117,20.92,114,17.58,253,17.96,248,22,142,39.42,117,31.72,93,15.76,192,9.53,208,3.57,348,25.95,182,26.4,74,19.16,169,16.38,190,12.11,284
2023,"North Texas",76.76,228,-0.09,180,-0.37,234,-0.07,192,0.14,164,-1.22,302,-0.23,207,2.27,81,29.16,225,22.99,68,15.37,318,13.08,354,18.49,225,30.02,8,40.66,99,28.13,145,12.25,279,11.64,152,7.24,209,27.5,124,25.03,117,17.94,229,14.72,266,14.74,156
2023,"Northeastern",78.01,52,-1.29,314,0.05,158,1.69,19,2.29,11,1.9,34,-0.62,255,1.35,327,43.99,5,18.56,224,22.52,71,27.97,3,14.68,343,16.27,312,31.45,284,21.29,271,14.3,227,21.08,19,11.89,50,28.66,95,17.54,342,16.73,277,19.76,57,17.31,65
2023,"Northern Arizona",76.7,245,-1.26,305,0.18,147,0.52,113,0.89,67,-2.25,335,-0.54,246,1.67,259,27.92,248,15.96,310,18.77,207,14.28,337,24.11,53,26.87,40,20.26,356,42.68,4,10.01,317,19.93,26,7.1,215,26.11,173,26.04,84,16.56,283,17.02,151,14.24,180
2023,"Northern Colorado",77.83,66,0.98,80,0.18,146,0.51,114,0.76,81,1.32,57,0.58,96,2.15,108,26.75,276,13.75,354,19.29,182,24.09,39,23.19,69,19.68,213,49.63,20,20.82,281,15.64,194,9.96,196,3.95,342,24.61,229,24.19,143,25.4,21,12.88,323,12.92,249
2023,"Northern Illinois",76.43,283,-0.21,187,0.15,149,0.18,145,-1.67,329,-1.71,323,-0.03,178,1.89,195,29.78,207,15.01,332,20,151,20.85,124,21.24,127,22.86,113,44.17,51,21.15,275,15.38,197,13.56,103,5.7,289,25.46,193,26.08,82,19.26,162,16.08,205,13.05,243
2023,"Northern Iowa",76.46,282,-1.8,343,-0.95,298,0.59,102,0.37,141,-1.31,307,-1.37,333,0.64,363,23.68,332,16.99,281,20.27,137,20.7,130,13.84,354,28.16,20,25.83,335,29.19,128,30.71,11,9.8,198,4.43,332,23.64,269,22.83,193,25.35,22,15.88,218,12.24,275
2023,"Northern Kentucky",76.52,276,-0.46,222,-1.14,319,-0.66,269,-0.99,293,0.42,145,-0.8,288,1.98,157,26.4,281,13.43,355,19.38,177,20.85,125,24.56,41,21.72,148,51.44,13,23.38,245,9.89,318,7.47,288,7.73,181,38.02,2,22.34,216,17.49,245,10.24,356,11.82,303
2023,"Northwestern",77.68,78,1.31,60,0.94,71,-0.4,242,-0.06,191,1.22,69,1.12,52,2.33,68,26.22,286,14.21,349,17.62,249,22.41,80,17.79,257,27.91,25,40.82,95,25.01,217,14.2,229,12.41,131,7.49,192,22.55,292,21.73,240,17.66,237,22.52,14,15.47,126
2023,"Northwestern St.",76.31,309,-1.18,300,-2.02,355,-1.24,329,-0.52,257,1.09,79,-1.6,346,1.55,288,23.7,331,15.83,315,13.85,349,25.39,21,27.75,9,17.18,289,33.71,240,36.08,33,8.85,337,10.19,186,11.14,64,24.43,237,22.82,194,15.93,296,19.18,74,17.61,62
2023,"Notre Dame",78.13,41,0.57,114,-0.25,219,0.19,143,1.63,33,3.09,5,0.16,147,2.34,66,19.46,352,21.96,111,18.97,197,16.31,294,20.88,141,21.89,145,23.09,350,38.65,16,10.21,314,14.81,85,13.24,34,31.14,47,22.39,215,16.19,290,16.5,181,13.78,204
2023,"Oakland",75.57,351,-1.81,344,-2.04,356,-1.34,334,-0.76,279,-1.61,315,-1.93,356,1.98,160,18.64,356,19.83,179,18.1,233,17.87,242,16.69,304,27.47,30,32.45,267,25.32,208,23.14,60,10.66,176,8.38,152,23.79,265,22.07,224,23.58,37,13.89,290,16.62,92
2023,"Ohio",76.11,323,-0.29,206,-0.31,227,-1.69,349,-1.91,338,-0.66,255,-0.3,216,1.96,168,37.27,38,17.85,249,22.96,59,21.8,96,15.85,327,21.48,154,32.17,275,35.64,38,13.69,249,7.84,270,10.56,77,26.52,162,28.81,29,14.63,332,14.05,284,15.92,109
2023,"Ohio St.",77.43,118,-0.26,204,-0.95,298,0.54,108,0.85,69,1.56,47,-0.6,252,1.59,279,33.27,114,18.28,234,28.89,5,17.25,268,16.51,312,19.04,238,42.53,73,22.78,253,23.13,61,7.17,295,4.34,336,26.74,153,25.65,100,21.53,88,13.15,310,12.9,250
2023,"Oklahoma",77.51,107,0.7,100,0.45,113,-0.19,216,0.1,171,1.09,79,0.58,97,2.03,146,29.44,216,23.27,62,18.51,217,18.87,203,13.63,357,25.68,59,46.18,34,20.59,287,23.09,63,4.94,346,5.12,310,33.18,27,20.18,297,20.47,117,14.38,278,11.75,307
2023,"Oklahoma St.",77.67,81,1.73,33,1.38,29,-0.18,212,-0.32,237,0.35,155,1.55,29,2.43,47,36.1,53,16.45,301,25.54,16,20.1,152,20.73,145,17.14,291,37.33,176,36.96,26,12.69,272,6.25,316,6.7,241,32.93,29,19.76,304,15.47,311,18.56,93,13.21,235
2023,"Old Dominion",77.07,186,-1.03,287,0.05,158,0.15,149,0.99,65,-0.23,213,-0.49,237,1.7,253,33.46,109,20.36,160,19.15,191,22,87,24.5,43,13.98,357,37.65,172,31.75,92,12.88,268,11.72,151,5.96,280,21.63,314,31.17,10,19.02,180,14.86,258,13.31,228
2023,"Oral Roberts",77.22,156,4.46,3,-0.85,289,-0.07,190,-2,341,-0.84,276,1.8,15,2.68,11,22.49,341,23.14,64,17.3,261,13.89,345,17.01,290,28.66,14,34.59,220,22.61,257,30.82,9,4.56,350,7.43,195,27.09,139,25.41,110,19.94,144,13.02,318,14.54,166
2023,"Oregon",79,4,2.47,11,2.3,7,1.16,51,1.65,29,2.01,31,2.38,6,2.38,59,34.15,91,23.83,54,21.46,98,15.08,323,19.61,182,19.97,202,31.17,289,32.64,74,19.73,118,8.15,255,8.26,157,33.09,28,25.65,99,15.22,320,13.4,303,12.58,262
2023,"Oregon St.",78.18,36,-0.1,181,1.75,19,1.17,50,1.43,46,1.24,66,0.83,78,0.98,354,33.55,106,18.17,240,19.87,156,22.03,86,17.53,270,22.39,125,29.3,313,39.51,12,18.25,139,5.64,330,7.25,207,29.27,77,26.39,75,18.72,191,14.16,281,11.44,319
2023,"Pacific",76.95,201,-1.05,289,-0.33,230,-0.06,172,0.09,173,0.7,115,-0.69,269,1.66,265,42.99,6,22.26,102,18.65,211,16.79,279,21.79,109,20.49,179,40.54,102,15.92,336,16.27,184,17.05,53,10.16,92,27.03,141,20.38,289,16.64,280,17.52,132,18.38,42
2023,"Penn",77.12,171,-0.45,221,-0.81,285,0.45,115,0.26,149,0.75,112,-0.63,259,2.09,124,31.62,160,16.07,307,11.35,360,17.54,256,25.84,25,29.19,11,35.98,198,23.45,241,16.06,188,13.69,100,10.77,72,26.78,152,26.58,70,16.06,292,17.52,133,13.01,245
2023,"Penn St.",76.68,248,-1.35,318,-1.3,334,-0.56,260,0.7,108,0.5,138,-1.33,329,2.47,40,24.89,313,15.71,318,23.36,49,16.82,278,26.1,24,18,271,44.53,48,16.83,329,7.02,354,21.38,15,10.2,87,23.11,280,22.61,203,13.37,351,26.92,2,13.96,196
2023,"Pepperdine",78.72,14,1.46,48,1.99,12,1.39,37,1.76,19,1.61,44,1.73,18,0.84,357,24.44,322,20.34,162,20.71,120,23.09,60,17.45,272,18.35,257,39.07,128,33.13,60,14.09,233,2.41,362,11.21,61,28.04,113,20.09,298,20.65,108,15.84,219,15.31,134
2023,"Pittsburgh",77.4,125,1.97,21,0.44,115,-0.72,275,0.23,153,-0.32,220,1.21,44,2.25,85,25.24,305,15.59,321,22.7,65,21.9,93,21.53,119,18.24,265,46.81,30,23.58,238,14.61,217,10.68,175,4.22,338,23.14,279,23.06,180,21.93,71,18.55,95,13.27,233
2023,"Portland",77.64,88,-0.48,225,0.81,81,1.13,52,0.79,76,0.52,134,0.16,145,1.56,286,34.23,89,23.31,61,24.38,36,24.2,37,9.79,363,18.26,263,39.7,113,19.77,298,15.23,202,22.17,11,3.05,354,24.48,235,26.43,73,23.19,44,13.63,296,12.22,278
2023,"Portland St.",76.39,294,-1.66,333,-1.31,335,-1.06,306,-0.01,184,0.58,129,-1.49,342,2.23,93,31.71,156,17.56,256,19.15,192,20.31,144,23.36,65,19.56,218,37.97,162,19.1,305,26.17,30,12.06,140,4.61,328,20.72,328,25.94,90,18.63,195,19.98,50,14.67,158
2023,"Prairie View A&M",76.58,264,-1.77,340,-0.9,292,-0.06,172,-0.21,205,0.41,146,-1.34,331,2.78,2,44.95,2,16.99,282,18.18,228,29.7,1,19.72,177,15.36,336,32.16,276,26.58,185,15.21,203,21.31,18,4.67,323,23.25,277,23.8,157,19.86,146,21.58,28,11.45,318
2023,"Presbyterian",76.75,230,-0.87,272,-0.58,262,-1.06,306,0.76,82,0.09,185,-0.73,280,1.68,257,30.11,196,20.12,172,20.14,144,21.73,98,17.6,265,20.39,184,21.01,353,35.78,36,16.2,186,19.22,30,7.77,179,24.59,232,27.6,47,13.58,350,21.12,34,13.09,240
2023,"Princeton",77.42,121,-0.8,261,-0.14,205,0.14,150,0.76,82,1.71,39,-0.47,234,1.78,233,24.37,324,25.31,33,19.18,188,16.6,282,19.09,203,19.79,208,36.8,185,24.6,226,22.79,65,7.95,264,7.81,174,22.9,284,21.82,236,21.1,93,17.1,146,17.05,74
2023,"Providence",76.51,277,0.1,153,0.21,139,-1.8,351,-0.24,206,-1.12,295,0.16,148,1.89,194,27.73,252,21.02,134,24.07,39,16.2,296,21.22,129,17.45,285,49.73,19,23.99,234,6.73,355,11.79,149,7.67,185,23.36,273,30.72,14,16.02,295,16.55,179,13.3,230
2023,"Purdue",78.57,21,5.44,2,1.42,28,0.82,78,0.47,123,-0.68,257,3.43,1,1.26,333,31.74,155,33.35,3,14.26,343,16.18,297,19.38,191,16.84,300,56.24,4,20.09,293,13.93,239,1.93,363,7.81,175,34.06,12,17.24,346,20.36,123,11.47,348,16.87,78
2023,"Purdue Fort Wayne",75.84,339,-0.53,230,0.19,143,-0.31,229,-0.67,268,-4.91,363,-0.17,198,2.72,8,24.77,316,14.73,340,19.28,183,28.09,2,19.69,180,18.14,267,62.9,1,8.96,362,7.25,351,15.61,76,5.19,306,25.73,186,23.66,163,23.26,42,17.71,123,9.56,353
2023,"Queens",75.79,341,-1.4,322,-1.81,345,-1.28,331,-1.24,311,-0.71,264,-1.61,347,1.85,212,24.69,317,17.12,274,17.32,260,15.41,310,24.18,52,25.96,53,27.82,322,29.13,130,12.3,277,17.51,44,13.24,35,33.54,23,30.38,19,11.24,363,10.49,355,14.32,175
2023,"Quinnipiac",76.07,324,-1.68,335,-0.53,259,-0.83,288,-0.24,206,-1.79,325,-1.1,318,2.38,57,34.57,81,17.57,255,18.7,209,20.15,151,21.44,121,22.08,139,39.84,108,31.03,105,13.56,251,8.51,240,6.97,225,24.77,224,19.15,317,18.61,197,18.63,91,18.78,36
2023,"Radford",76.03,327,-0.36,213,-0.12,201,-1.56,343,-2.2,348,-1.02,290,-0.24,209,2.04,142,37.31,35,15.52,323,19.51,172,18.38,220,22.35,94,24.2,86,27.29,326,52.78,1,7.41,350,6.47,310,6.03,278,26.81,149,30.67,16,15.51,309,15.23,242,11.74,308
2023,"Rhode Island",76.82,222,0.1,157,-0.54,261,-1.06,318,-0.34,238,0.53,132,-0.22,204,1.18,340,34.09,94,15.07,331,15.37,319,18.62,213,28.85,3,22.06,140,29.05,315,27.15,172,16.27,183,19.29,27,8.19,162,21.76,310,21.48,247,21.61,82,20.56,41,14.55,165
2023,"Rice",77.04,191,1.22,65,-1.18,326,-0.53,254,-0.03,188,0.32,157,0.02,168,1.48,307,16.42,362,17.56,257,14.46,336,16.14,298,27.15,14,24.66,77,54.92,6,25.4,207,10.61,308,3.79,356,5.22,304,25.01,209,23.72,160,16.83,270,24,6,10.41,342
2023,"Richmond",77.93,58,1.45,50,0.42,116,1.18,48,1.76,19,-0.56,247,0.94,66,2.25,84,30.08,197,21.82,114,23.54,45,24.33,36,15.45,332,14.84,344,29.77,307,24.79,223,22.86,64,13.13,113,9.42,119,21.41,317,30.97,11,22.54,56,12.36,333,12.7,257
2023,"Rider",76.38,296,-0.58,232,-0.05,193,-0.92,298,-1.24,311,-0.7,262,-0.32,219,2.77,5,29.98,199,20.61,148,22.68,67,16.46,288,16.63,306,23.57,101,41.03,92,32.94,64,14.02,235,5.26,336,6.67,244,28.25,108,25.26,113,19.45,158,7.76,363,19.21,28
2023,"Robert Morris",76.14,321,-2.04,352,-0.85,287,-1.07,320,-0.24,206,-0.51,244,-1.45,339,1.86,203,23.76,330,22.4,98,19.78,160,15.22,318,22.87,75,19.73,211,46.16,35,29.87,123,13.99,236,6.66,306,3.32,350,29.15,81,25.69,96,17.98,223,16.29,193,10.89,331
2023,"Rutgers",78.7,16,1.4,55,0.33,128,1.94,9,2.05,15,2.39,19,0.87,74,2.15,109,29.74,208,23.71,56,17.14,265,15.42,307,22.99,74,20.7,176,38.03,155,21.52,268,14.28,228,16.73,56,9.4,121,32.25,33,21.44,251,15.87,301,17.7,124,12.7,258
2023,"SIU Edwardsville",76.58,263,-0.53,229,0.39,122,0.61,99,-2.24,349,-0.74,265,-0.07,187,1.46,309,27.98,246,16.55,298,18.37,223,17.42,259,22.72,78,24.91,70,31.98,278,27.54,163,15.02,208,8.02,261,17.41,10,26.94,144,21.15,262,13.63,349,16.82,163,21.43,11
2023,"SMU",77.96,56,-0.9,276,1.05,50,0.84,76,0.8,73,2.6,15,0.08,161,2.03,144,27.64,255,17.1,277,21.53,94,27.49,4,14.82,340,19.03,239,24.98,341,41.41,8,22.4,70,5.9,323,5.24,303,24.71,226,30.34,20,19.61,153,10.54,354,14.75,154
2023,"Sacramento St.",78.2,35,2.62,9,1.31,34,-0.61,265,0.18,160,2.09,23,1.97,12,2.18,102,27.45,262,22.62,80,21.37,102,17.72,247,21.98,106,16.25,314,34.07,233,27.16,171,17.77,150,7.82,273,13.1,38,31.23,46,23.09,177,17.73,236,13.51,298,14.37,173
2023,"Sacred Heart",75.83,340,-2.28,356,-0.95,298,0.1,152,-2.08,344,-1.06,293,-1.61,348,2.18,101,27.71,254,15.56,322,21.84,87,25.07,30,17.43,274,20.06,197,29.86,305,31.75,91,25.88,33,10.04,191,2.39,362,21.63,315,35.38,2,18.76,189,15.73,222,8.46,361
2023,"Saint Joseph's",77.15,167,0.77,92,0.39,121,-0.69,271,-1.24,311,1.09,79,0.58,98,1.41,320,26.72,277,16.96,284,14.03,347,20.01,158,19.32,195,29.68,9,39.38,119,20.73,285,17.93,146,13.34,106,8.6,145,24.6,231,22.47,211,20.89,102,18.56,94,13.47,218
2023,"Saint Louis",76.67,251,-0.39,216,-1.42,338,-0.12,208,0.37,143,-0.5,239,-0.91,305,2.11,117,32.16,139,18.6,223,24.61,32,21.37,111,17.05,288,18.33,260,51.25,14,15.81,337,7.5,348,19.99,23,5.41,298,33.91,16,16.36,354,14.66,331,20.66,39,14.36,174
2023,"Saint Mary's",78.13,40,1.15,70,1.04,59,1.7,18,0.12,167,1.23,68,1.1,54,1.93,178,18.6,357,21.14,133,10,362,20.02,157,24.29,47,24.55,79,45.68,39,26.7,181,16.78,173,4.26,352,6.58,250,25.02,206,24.5,133,18.58,199,11.55,346,20.35,15
2023,"Saint Peter's",75.99,330,-0.32,208,-1.37,336,-1.68,348,-1.06,303,-1.03,291,-0.84,301,1.71,251,39.77,10,12.03,360,21.87,86,20.56,136,17.52,271,27.99,24,32.64,259,24.75,224,13.46,252,12.5,130,16.6,13,23.98,255,24.02,151,21.53,87,17,153,13.41,225
2023,"Sam Houston St.",76.03,328,-0.77,259,-0.81,283,-1.76,350,-1.24,311,-0.68,259,-0.79,287,2.12,114,38.93,15,17.55,258,19.5,174,17.1,274,19.9,172,25.94,55,33.76,238,29.94,120,19.03,127,8.43,245,8.84,136,19.48,346,18.32,334,22.59,55,21.4,31,18.2,44
2023,"Samford",76.59,260,-0.28,205,-0.45,251,0.09,154,-0.14,200,-1.69,322,-0.36,225,2.09,123,36.65,47,26.02,28,19.12,193,18.16,229,17.32,279,19.38,223,37.42,173,23.43,244,16.43,181,11.91,145,10.82,70,23.33,275,25.57,104,20.28,126,16.96,154,13.86,200
2023,"San Diego",76.91,205,0.05,163,0.05,158,-0.23,222,-0.51,256,-0.24,214,0.05,166,2.16,106,32.9,121,15.39,327,27.01,9,23.78,46,17.16,285,16.57,307,29.54,311,40.7,9,13.2,259,7.78,275,8.68,141,21.65,313,31.9,8,21.06,96,13.19,309,12.11,285
2023,"San Diego St.",76.71,241,0.26,140,0.01,183,-0.07,193,-0.41,249,-1.65,318,0.13,152,2.76,6,37.45,30,20.34,161,17.98,236,23.49,56,18.96,206,19.22,227,46.32,33,28.5,142,14.31,226,6.3,314,4.53,331,29.94,61,23.84,155,20.12,133,13.27,307,12.8,254
2023,"San Francisco",76.51,279,1.57,41,1.05,50,-0.83,290,-2.85,360,-1.81,326,1.31,39,2.06,132,29.84,206,23,67,14.17,345,14.25,339,24.2,51,24.36,82,45.91,37,20.8,283,12.91,266,13.98,95,6.34,263,25.89,183,20.85,273,19.26,163,19.86,53,14.11,186
2023,"San Jose St.",78.59,19,1.18,69,1.05,50,2.15,6,2.66,5,0.49,139,1.11,53,1.87,197,23.95,328,19.61,188,19.28,184,16.39,293,27.33,13,17.4,286,28.48,317,42.54,5,14.62,216,8.93,227,5.43,297,24.33,242,28.53,32,17.95,227,16.69,171,12.49,266
2023,"Santa Clara",78.29,30,1.19,68,2.07,10,1.67,20,1.32,54,-0.22,211,1.63,25,1.73,245,23.19,336,15.4,324,15.65,309,19.03,197,28.53,6,21.34,160,36.17,195,30.14,116,9.28,329,19.96,25,4.37,335,20.8,325,22.89,189,16.94,264,27.45,1,11.85,299
2023,"Seattle",77.12,173,-0.16,183,-0.94,294,0.22,137,-0.24,206,1.29,63,-0.55,247,1.87,199,31.37,170,15.71,317,13.3,354,23.67,49,26.71,18,20.57,178,30.64,296,34.43,47,13.34,255,11.19,163,10.34,84,24.87,221,20.19,296,20.92,99,16.28,194,17.67,60
2023,"Seton Hall",77.93,59,0.67,103,0.46,111,0.94,59,1.06,62,1.09,79,0.57,100,2.41,53,33.98,96,25.54,31,17.33,259,22.58,75,13.82,355,20.74,175,37.08,181,30.5,110,13.86,241,12.39,132,6.16,274,22.15,303,23.17,174,26.6,13,16.43,186,11.65,312
2023,"Siena",77.32,140,0.12,150,-0.1,200,-0.89,297,0.76,82,1.29,62,0.01,170,1.87,201,31.49,165,20.96,136,14.29,340,23.78,47,17.16,286,23.78,98,34.1,232,23.56,239,12.82,269,21.31,17,8.18,163,19.5,345,29.8,22,17.24,253,21.63,27,11.8,304
2023,"South Alabama",77.08,181,1.84,26,-0.95,298,-0.2,219,-0.93,288,0.24,166,0.45,109,2.52,31,22.61,338,18.3,233,15.26,321,17.83,244,18.47,226,30.08,7,57.53,3,10.85,358,8.87,335,11.24,160,11.45,57,35.19,10,16.87,350,15.79,304,16.82,164,15.27,138
2023,"South Carolina",77.59,91,1.03,78,1.3,36,-0.11,204,-0.79,282,1.09,79,1.17,47,1.61,276,25.5,300,23.88,52,15.4,316,21.46,107,17.35,278,21.92,143,37.22,178,30.06,118,20.46,97,5.22,337,7.05,218,32.89,31,22.77,196,18.08,219,10.05,357,16.22,101
2023,"South Carolina St.",75.34,356,-1.67,334,-1.2,328,-1.31,333,-2.01,342,-2.52,344,-1.44,337,1.48,306,42.48,7,18.27,235,18.95,199,19.22,188,21.17,131,22.39,126,31.22,288,26.35,187,20.5,94,13.31,108,8.57,147,24.65,227,29.21,27,20.38,122,14.04,285,11.7,310
2023,"South Dakota",75.39,355,-2.3,357,-2.95,362,-1.5,339,-0.89,285,-0.81,272,-2.62,362,1.87,202,25.74,298,22.69,78,18.22,226,18.79,206,25.25,27,15.01,343,23.6,346,22.67,256,39.27,1,6.32,312,8.06,168,28.25,107,22.57,206,20.47,118,12.84,326,15.82,115
2023,"South Dakota St.",76.7,244,-0.64,240,0.51,104,-0.87,294,-0.4,248,-0.51,243,-0.06,185,1.5,302,25.04,308,20.2,170,21.91,83,15.3,314,27.56,12,15.03,340,38.66,142,35.62,39,6,359,8.46,244,11.26,59,22.82,287,17.61,339,21.99,69,25.95,3,11.64,313
2023,"South Florida",76.91,207,1.81,28,-0.66,273,-0.02,167,0.76,82,-2.76,346,0.57,99,1.77,236,30.15,195,17.86,248,18.95,198,16.94,275,18.46,227,27.75,27,32.85,255,29.63,126,21.02,86,8.37,248,8.08,167,32.06,34,25.83,92,14.62,333,15.24,241,12.18,281
2023,"Southeast Missouri St.",76.04,326,-0.66,246,-1.18,324,-1.19,324,-0.24,206,-1.94,332,-0.92,306,1.73,244,34.27,88,18.62,221,14.72,330,17.58,254,22.7,80,26.38,43,32.19,274,29.92,121,18.67,130,7.66,281,11.56,55,20.51,331,29.64,23,15.41,315,21.87,23,12.57,263
2023,"Southeastern Louisiana",75.52,353,-0.33,210,-1.91,348,-1.23,327,-1.31,320,-3.04,349,-1.12,321,1.98,159,31.2,173,24.48,43,20.09,147,22.78,69,18.37,229,14.26,353,50.19,17,20.02,295,13.38,254,9.75,200,6.61,246,27.42,128,32.48,7,14.99,324,17.78,120,7.31,363
2023,"Southern",76.41,289,-1.87,347,-0.32,229,-0.59,262,-0.46,253,-0.13,204,-1.1,316,2.58,21,33.67,104,19.06,203,19.99,152,21.48,106,22.26,98,17.15,290,40,107,21.71,264,15.07,207,15.8,69,7.32,203,24.98,211,23.87,154,16.82,272,20.2,46,14.05,193
2023,"Southern Illinois",75.88,338,-1.55,329,-0.83,286,-1.97,357,-1.75,332,0.09,176,-1.19,325,2.52,29,31.8,153,16.93,285,27.39,7,16.47,286,14.19,350,25.01,67,49.41,21,17.29,321,18.56,133,6.08,319,8.59,146,28.83,91,24.84,123,17.44,249,13.21,308,15.66,122
2023,"Southern Indiana",76.74,233,-0.5,227,0.69,91,0.3,129,0.53,119,-2.73,345,0.09,158,2.06,131,26.35,283,20.07,174,18.84,203,19.57,175,17.53,268,23.97,93,53.89,7,11.64,355,13.83,243,15.64,75,4.94,317,37.34,3,22.2,221,15.08,323,14.74,264,10.6,336
2023,"Southern Miss",77.58,96,-0.26,192,1.03,63,1.23,44,1.04,64,-0.59,249,0.39,116,2.4,55,27.62,256,22.52,84,23.13,56,19.02,198,23.12,71,12.16,361,23.13,349,34.48,46,23.29,58,9.55,206,9.49,117,23.46,271,25.78,94,20.24,127,17.28,138,13.19,236
2023,"Southern Utah",78.13,42,0.94,85,-0.17,211,0.54,106,1.21,59,2.7,12,0.39,119,2.3,73,18.52,359,19.03,205,25.18,17,19.44,179,17.94,250,18.4,254,35.45,207,15.81,338,25.27,39,14.65,89,8.78,138,18.52,355,18.16,336,25.69,18,24.07,5,13.54,214
2023,"St. Bonaventure",76.81,223,0.41,126,0.34,127,-0.63,268,-0.24,206,-1.24,303,0.38,121,0.99,353,21.91,344,22.63,79,13.7,351,18.75,209,23.71,58,21.19,163,35.87,200,32.06,84,16.63,176,8.55,235,6.85,234,24.9,218,22.84,192,20.1,135,15.44,231,16.69,85
2023,"St. Francis NY",76.74,234,-0.9,274,-0.33,231,-1.01,303,0.54,118,-0.02,196,-0.61,254,1.85,210,36.78,42,16.02,309,24.9,25,22.43,79,14.34,348,22.28,130,35.36,210,20.48,289,16.51,178,14.51,90,13.1,40,26.78,151,28.52,33,20.04,137,15.6,227,9.02,357
2023,"St. Francis PA",77.35,136,0.62,107,-0.59,265,-0.07,191,0.76,82,0.64,119,0.01,169,1.49,305,33.94,99,33.47,2,15,325,12.6,358,18.8,214,20.1,196,41.66,88,32.07,83,6.25,356,14.8,86,5.17,307,28.65,97,22.01,229,12.35,360,21.98,22,14.96,148
2023,"St. John's",77.12,174,1.36,58,-0.38,236,0.21,138,-0.38,244,-0.65,254,0.49,105,1.86,207,34.22,90,22.46,93,19.91,155,23.54,52,17.24,282,16.82,301,43.38,60,12.06,353,20.94,87,7.91,267,15.67,18,33.98,13,14.09,362,21.42,89,19.27,72,11.22,323
2023,"St. Thomas",77.32,139,-1.47,326,-0.62,270,0.94,59,1.38,49,0.97,97,-1.05,314,1.65,266,27.59,257,16.26,305,24.5,34,21.6,102,20.58,150,17.05,295,31.9,279,27.66,160,12.06,286,15.83,68,12.5,46,27.4,130,23.7,161,19.14,170,16.72,169,13.02,244
2023,"Stanford",78.94,7,2.07,17,1.12,45,1.94,9,2.42,7,1.76,38,1.59,27,2.01,151,30.44,190,20.1,173,20.45,134,23.91,45,23.08,72,12.38,360,32.43,268,18.13,313,27.6,19,14.68,88,7.08,217,29.89,63,22.02,228,21.91,73,15.34,235,10.77,333
2023,"Stephen F. Austin",75.92,333,-0.93,279,-1.95,351,-0.77,279,-1,294,-1.15,296,-1.44,338,1.82,220,37.89,27,14.87,336,18.51,218,25.17,27,19.88,173,21.51,152,34.63,218,30.87,106,20.12,109,7.47,289,6.83,235,23.83,260,21.25,259,26.63,11,17.23,140,10.98,329
2023,"Stetson",76.87,213,-0.19,185,0.05,157,0.19,144,-0.75,278,-0.34,223,-0.07,186,1.86,208,34.93,72,19.78,181,15.96,304,18.41,217,24.93,35,20.9,170,47.86,25,22.1,261,12.27,278,10.17,187,7.55,190,33.86,18,26.52,71,16.19,289,12.96,319,10.43,340
2023,"Stonehill",77.23,154,-1.26,305,-0.09,199,0.7,84,1.4,48,-0.02,195,-0.67,267,2.71,9,27.35,265,15.18,330,19.78,161,23.98,42,22.53,83,18.49,251,20.08,359,16.22,332,34.97,2,17.58,40,11.09,66,19.63,342,19.67,305,19.13,172,22.33,15,19.21,29
2023,"Stony Brook",77.48,113,2.83,7,1.27,38,-0.98,300,-1.09,306,-0.03,199,2.05,10,2.07,129,25.96,294,21.33,129,22.73,63,24.77,32,12.75,360,18.42,253,34.56,221,22.14,260,24.69,43,10.03,193,8.54,148,16.12,362,30.71,15,19.98,142,13.51,299,19.66,22
2023,"Syracuse",78.05,50,1.74,32,1.57,24,1.41,35,-0.24,206,0.34,156,1.65,24,1.33,329,28.75,233,20.89,138,16.17,297,15.27,315,22.06,103,25.56,60,46.07,36,35.52,41,9.53,325,5.9,324,2.91,355,35.98,8,22.6,204,15.52,308,12.85,325,12.99,248
2023,"TCU",77.56,99,0.14,148,0.05,158,1.22,45,0.8,74,0.17,173,0.1,156,2.23,94,39.05,13,18.05,242,21.52,95,18.9,202,17.6,264,23.93,95,38.72,141,26.11,191,23.65,54,7.48,287,4.04,341,22.12,304,21.98,231,20.53,113,18.76,88,16.61,93
2023,"Tarleton St.",76.67,250,-2.91,361,-0.95,298,0.68,88,1.34,52,-0.2,209,-1.93,357,1.91,186,33.2,115,19.22,198,25.07,20,13.31,351,21.47,120,20.91,169,38.14,152,25.15,210,9.57,324,15.01,82,12.08,49,23.61,270,25.98,86,14.09,343,19.47,68,16.81,81
2023,"Temple",78.21,34,0.55,116,1.05,50,1.47,33,1.76,19,0.82,107,0.8,81,1.15,344,26.15,288,17.49,262,16.73,279,19.3,183,29.06,1,17.39,287,45.19,41,20.21,292,16.47,179,8.17,253,9.92,103,24.93,215,22.3,220,23.11,46,16.35,191,13.3,231
2023,"Tennessee",77.32,138,1.87,25,1.45,27,0.53,109,-0.42,250,-2.21,334,1.66,23,1.9,189,36.7,44,18.74,217,20.8,119,19.07,193,21.12,133,20.26,188,32.47,264,33.13,61,20.31,101,7.84,271,6.26,270,25.54,190,24.18,144,18.71,192,18.26,100,13.31,227
2023,"Tennessee Martin",76.27,314,-0.47,224,-0.51,255,-0.82,287,-0.93,287,-1.31,308,-0.49,236,2.01,150,33.97,97,14.87,337,17.46,255,20.54,137,22.02,105,25.1,65,38.98,131,31.92,88,9.68,322,12.63,128,6.76,237,25.55,188,25.99,85,17.98,224,16.88,160,13.59,210
2023,"Tennessee St.",76.56,266,-0.02,168,-0.14,203,-0.87,295,-0.9,286,-0.68,260,-0.08,188,2.33,67,30.99,179,18.5,227,15.49,313,21.08,114,16.66,305,28.26,19,45.8,38,24.31,229,12.12,281,7.5,286,10.2,88,24.9,220,22.07,223,15.89,298,16.17,197,20.95,13
2023,"Tennessee Tech",76.48,281,-0.8,260,-0.88,291,-0.31,228,-1.14,307,0.09,176,-0.84,298,2.05,137,32.03,147,20.2,169,20.16,142,21.07,115,17.01,289,21.53,150,32.41,269,27.9,152,23.26,59,7.73,279,8.63,144,26.17,170,22.88,190,15.44,313,18.25,102,17.21,69
2023,"Texas",76.55,268,-0.87,271,-0.58,263,-0.11,205,-0.73,274,-0.39,228,-0.72,278,2.25,87,33.34,112,17.88,246,16.28,295,22.73,71,23.54,61,19.57,217,33.17,250,35.22,43,16.79,172,8.58,232,6.24,272,26.46,163,20.62,283,23.15,45,15.28,240,14.49,167
2023,"Texas A&M",76.68,247,-0.72,251,0.19,142,-0.01,165,-1.08,305,-0.38,226,-0.26,211,2.08,127,30.76,184,21.48,118,14.08,346,17.97,239,17.14,287,29.31,10,28.04,320,36.2,31,12.08,283,14.2,92,9.46,118,22.23,301,21.82,238,22.74,52,17.62,126,15.56,124
2023,"Texas A&M Commerce",77.06,188,-0.26,192,1.37,31,0.24,134,-1.58,327,0.09,176,0.56,101,2,153,37.67,28,18.68,219,19.38,178,25.07,29,16.59,309,20.21,190,23.16,348,27.43,164,24.46,46,10.93,170,13.94,30,18.49,356,18.71,323,25.71,17,19.08,79,17.95,50
2023,"Texas A&M Corpus Chris",75.04,361,-1.72,337,-1.95,351,-1.43,338,-2.66,358,-2.47,342,-1.83,354,2.77,4,32.02,148,14.42,344,20.64,124,24.87,31,21.68,115,18.38,255,33.13,251,37.77,21,4.84,362,16.67,58,7.57,189,22.82,288,32.68,6,12.89,358,17.54,131,14.06,188
2023,"Texas Southern",77.21,157,-0.05,174,0.63,97,-0.06,172,1.2,60,-1.11,294,0.29,136,1.91,184,36.7,45,19.76,183,17.04,270,15.03,325,22.08,102,26.04,52,31.06,291,14.19,346,23.65,53,20.33,22,10.72,74,30.44,54,16.35,355,20.62,112,17.02,152,15.5,125
2023,"Texas St.",75.33,357,-0.85,270,-0.8,282,-2.07,361,-2.04,343,-3.01,348,-0.83,297,2.1,118,39.38,12,22.92,70,18.6,214,17.39,263,16.31,318,24.75,75,34.94,216,32.69,69,17.23,161,10.46,180,4.63,326,26.39,166,25.29,112,18.5,204,16.56,178,13.22,234
2023,"Texas Tech",77.75,71,0.75,93,0.49,107,1.08,55,-0.07,192,1.09,79,0.62,91,1.56,285,35.38,67,21.38,126,21.92,82,16.7,281,16.33,317,23.61,100,37.19,179,32.02,85,23.6,55,4.24,353,2.88,356,27.03,142,23.89,153,20.18,131,14.99,254,13.85,201
2023,"The Citadel",76.52,275,-1.08,291,-1.16,322,-1.06,306,0.02,182,0.46,142,-1.12,322,2.11,116,22.23,342,24.75,41,21.74,89,14.82,330,22.38,91,16.24,315,40.78,96,29.69,125,14.57,219,9.08,222,5.73,288,22.19,302,23.42,168,16.8,274,20.27,45,17.24,67
2023,"Toledo",76.84,221,-1.13,294,0.05,158,-0.46,248,-0.78,281,1.09,79,-0.54,245,1.89,193,21.21,346,18.87,210,23.36,50,15.04,324,16.79,297,25.88,57,32.88,254,18.71,309,21.39,81,15.71,72,11.23,60,21.84,308,24.82,125,15.3,319,19.08,80,18.9,34
2023,"Towson",76.27,315,-2.37,358,-1.95,351,-0.55,259,0.76,82,0.06,188,-2.16,359,2.32,70,27.24,268,20.43,156,19.59,168,19.62,171,24.9,37,15.46,331,39.38,120,26.79,177,22.76,66,7.92,266,3.16,353,24.28,244,25.65,98,21.23,91,17.15,143,11.68,311
2023,"Troy",76.92,204,-0.25,191,-0.06,194,-1,301,-0.24,206,0.72,114,-0.15,195,2.22,95,30.23,193,22.07,106,14.26,342,17.25,267,23.83,57,22.52,122,37.19,180,22.95,247,13.01,263,23.89,6,2.86,358,28.52,101,18.55,328,15.89,297,23.12,9,13.83,202
2023,"Tulane",77.25,150,-1.39,320,-0.95,298,0.91,72,1.76,19,0.51,135,-1.17,324,1.54,294,24.51,321,19.72,185,17.57,253,13.44,350,20.93,138,28.31,18,18.94,361,33.46,57,17.12,163,17.56,41,12.87,41,26.02,179,21.44,252,18.64,193,20.33,44,13.55,213
2023,"Tulsa",76.54,271,-1.04,288,-0.4,241,-1.29,332,-0.44,251,0.43,143,-0.72,276,1.36,326,35.29,68,20.16,171,19.67,166,12.57,359,26.39,20,21.16,164,47.25,28,25.47,206,19.53,122,3.3,361,4.37,334,34.57,11,22.63,202,14.14,342,16.04,207,12.55,265
2023,"UAB",77.07,187,0.96,82,0.75,85,-0.12,209,-0.7,272,-0.98,288,0.86,75,2.36,64,35.63,60,18.9,208,18.42,221,15.65,304,16.09,324,30.91,3,36.42,189,33.07,62,15.14,205,11.1,164,4.23,337,33.75,20,20.7,282,16.35,287,16.48,182,12.69,259
2023,"UC Davis",76.53,272,-0.93,278,-2.51,359,-1.06,306,0.1,172,1.65,42,-1.72,351,1.63,272,29.01,230,19.26,197,9.06,363,25.39,20,25.13,32,21.14,165,40.62,101,20.81,282,13.9,240,10.69,174,13.94,31,19.59,343,19.06,319,22.9,50,18.36,97,20.07,18
2023,"UC Irvine",76.73,236,1.59,40,-1.02,312,-0.79,281,-1.03,298,-0.52,245,0.29,138,2.02,148,40.19,8,19.52,190,15.54,312,19.71,169,26.88,16,18.31,262,35.27,211,32.19,80,17.44,155,7.68,280,7.35,199,29.59,68,26.29,76,19.05,175,14.95,256,10.05,348
2023,"UC Riverside",77.85,64,1.07,76,0.45,114,1.48,32,1.27,55,-0.43,233,0.76,84,1.91,185,32.7,127,20.27,166,16.73,278,14.2,340,24.66,40,24.09,89,38.83,137,31.51,97,13.75,246,11.46,153,4.38,333,26.56,161,22.01,230,17.95,228,21.85,24,11.56,315
2023,"UC San Diego",77.41,124,-0.03,173,-0.27,223,0.17,146,0.46,124,1.31,60,-0.15,194,1.62,273,23.46,334,20.42,158,19.53,171,10.17,362,23.53,62,26.3,44,43.22,62,31.76,90,7.42,349,7.82,272,9.69,110,26.64,156,20.58,285,13.26,352,19.35,71,20.11,17
2023,"UC Santa Barbara",77.9,60,0.74,94,1.53,25,-0.31,227,0.73,107,1.41,52,1.14,50,2.29,75,22.14,343,19.1,200,20.51,130,24.75,33,19.06,204,16.57,308,42.24,77,26.62,183,5.75,360,18.18,38,7.16,212,25.97,181,27.41,52,11.99,361,16.77,166,17.83,54
2023,"UCF",78.13,39,1.52,46,1.23,41,0.36,123,1.62,35,0.53,133,1.37,37,1.94,176,30.82,182,15.86,314,22.75,62,22.35,81,22.61,82,16.4,311,36.62,187,27.22,170,12.94,265,13.78,98,9.39,122,22.62,290,24.7,127,20.51,115,16.21,196,15.93,108
2023,"UCLA",76.97,197,0.68,102,-0.3,226,-0.06,172,0.48,122,-1.35,309,0.19,144,1.86,204,27.74,251,13.14,357,26.98,10,22.49,78,15.67,330,21.72,147,36.42,190,27.82,155,20.51,93,8.51,239,6.71,240,22.45,295,28.06,40,22.61,54,14.86,257,11.99,294
2023,"UMBC",76.14,320,-1.72,338,-1.55,342,-2.06,359,-0.24,206,0.87,103,-1.64,349,2.51,32,33.14,117,22.46,92,19.85,158,21.87,94,16.58,310,19.2,228,40.75,97,34.25,49,13.74,247,6.6,309,4.59,329,33.61,21,28.62,31,15.55,307,13.62,297,8.53,359
2023,"UMKC",78.12,43,-0.26,192,0.58,99,0.66,91,1.67,27,2.53,16,0.16,146,1.38,325,32.76,125,11.67,361,17.39,258,14.16,342,29,2,27.74,28,26.33,333,29.04,131,20.15,108,8.5,242,15.95,17,22.39,297,27.05,57,19.94,143,14.7,268,15.88,113
2023,"UMass Lowell",76.48,280,-0.74,255,0.05,158,0.65,93,-1.08,304,-1.91,329,-0.34,222,2.49,37,37.93,26,22.51,85,18.07,234,18.29,223,24.21,50,16.86,298,40.28,105,27.62,161,12.77,271,11.83,148,7.43,196,28.74,93,22.3,219,15.21,321,20.03,48,13.66,208
2023,"UNC Asheville",77.4,126,1.53,45,-0.29,224,-0.1,203,-0.24,206,0.72,113,0.62,92,2.74,7,26.86,274,31.64,4,17.66,245,22.53,77,12.46,361,15.69,326,33.75,239,36.88,27,17.51,154,5.87,325,5.96,281,36.25,6,23.35,170,19.37,160,10.97,350,10.02,350
2023,"UNC Greensboro",76.73,235,0.35,134,0.84,78,-0.09,198,-2.24,349,-0.6,251,0.6,95,2.62,18,32.42,130,17.8,250,23.16,55,20.66,131,19.46,188,18.93,242,41.77,83,31.38,98,14.9,212,5.82,327,6.12,275,24.61,230,25.64,101,19.56,154,16.43,187,13.76,206
2023,"UNC Wilmington",76.77,226,-0.66,245,0.05,158,0.67,89,-1.2,309,-0.4,229,-0.3,217,1.99,156,29.12,226,15.76,316,23,58,23.93,44,18.2,238,19.08,236,39.7,112,24.21,232,20.71,92,7.27,290,8.06,169,23.33,274,20.7,280,24.82,25,16.01,209,15.11,144
2023,"UNLV",76.36,299,-0.88,273,-1.15,320,-1.18,322,-0.24,206,-0.17,207,-1.01,311,2.46,42,35.95,55,13.95,353,17.65,246,19.19,190,24.88,38,24.29,85,41.7,86,26.71,180,14.33,224,7.98,263,9.2,124,23.83,261,23.64,164,17.5,244,18.76,87,16.21,102
2023,"USC",78.99,5,1.54,43,1.92,13,1.56,24,2.1,13,2.43,18,1.73,16,1.57,282,26.13,289,14.7,341,20.81,118,18,237,18.04,245,28.41,16,37.05,182,14.79,343,24.69,44,16.88,55,6.51,254,20.23,335,24.17,146,22.17,61,16.74,167,16.65,89
2023,"USC Upstate",77.36,135,-0.53,231,-0.77,280,-0.4,241,0.76,82,2.33,20,-0.65,263,1.4,321,34.89,73,21.43,124,13.01,356,18.15,230,25.08,33,22.34,128,50.22,16,13.16,350,20.72,91,6.67,305,9.17,127,28.7,94,18.3,335,20.93,98,16.93,156,15.12,142
2023,"UT Arlington",76.68,249,-1.17,298,-0.85,288,-0.38,237,-0.24,206,0.62,121,-1.01,310,1.46,310,37.21,39,24.95,39,16.6,286,17.41,260,17.41,276,23.55,102,43.48,58,21.22,274,11.52,296,15.28,81,8.39,150,26.73,154,23.22,172,20,140,16.17,198,13.8,203
2023,"UT Rio Grande Valley",77.98,55,0.32,137,0.46,112,1.08,54,1.65,30,0.97,98,0.39,118,1.78,229,29.94,201,15.9,312,16.68,282,25.46,18,19.77,176,22.18,134,33.86,236,29.17,129,14.55,220,16.1,64,6.3,267,23.68,267,27.9,43,21.87,74,18.16,107,8.36,362
2023,"UTEP",76.3,310,-0.93,280,0.41,118,-0.23,223,-0.72,273,-2.44,340,-0.26,210,1.77,237,32.35,133,16.42,304,21.49,97,17.65,250,23.52,63,20.88,172,30.74,295,31.67,94,19.16,124,10.06,189,8.29,155,21.6,316,26.22,77,18.05,220,14.03,286,20.06,19
2023,"UTSA",77.52,106,1.38,57,1.22,42,-0.19,217,-0.24,206,0.02,191,1.3,40,1.66,263,35.56,63,22.49,88,14.7,331,20.1,154,17.82,256,24.85,71,37.97,161,33.17,59,13.04,262,7.59,282,8.17,165,31.4,41,21.59,244,21.81,75,11.65,344,13.49,216
2023,"Utah",78.96,6,1.96,22,0.8,82,1.19,47,2.76,2,2.66,14,1.38,36,1.96,169,28.24,243,27.18,20,17.78,240,18.62,214,19.53,187,16.86,299,32.75,256,27,174,8.46,340,24.63,4,7.13,214,26.44,165,20.22,295,14.69,329,17.6,128,21.02,12
2023,"Utah St.",78.24,32,1.14,71,1.84,17,2.23,3,0.68,110,-0.1,203,1.49,33,2.55,27,23.26,335,22.59,81,21.19,108,15.17,321,18.5,223,22.49,124,45.01,43,21.09,276,19.54,121,9.06,223,5.2,305,29.33,75,21.35,256,18.93,183,17.7,125,12.63,261
2023,"Utah Tech",76.85,219,0.48,119,-0.23,216,-0.03,168,-0.1,197,-1.28,305,0.12,154,2,152,29.92,203,18.78,216,16.57,288,20.59,133,20.06,168,23.99,92,37.8,168,26.8,176,21.43,80,6.64,307,7.34,202,31.78,37,18.96,321,19.19,166,17.08,147,12.99,247
2023,"Utah Valley",77.94,57,2.06,19,1.13,44,-0.88,296,0.76,82,1.2,73,1.59,26,2.28,76,27.52,260,18.84,214,14.68,332,23.58,50,25.25,28,17.61,281,39.14,126,34.2,50,10.43,311,9.3,214,6.86,232,31.85,36,17.48,344,15.82,303,17.42,137,17.38,64
2023,"VCU",77.58,94,-0.64,242,0.3,129,0.81,79,1.25,56,0.77,111,-0.17,199,1.76,239,31.38,169,22.71,76,22.32,75,17.93,241,17.53,269,19.49,220,46.64,31,25.84,197,13.75,245,5.41,333,8.3,154,28.18,111,28.69,30,18.11,218,13.15,311,11.83,302
2023,"VMI",75.45,354,-0.99,283,-2.39,357,-1.92,355,-1.19,308,-1.68,321,-1.69,350,0.73,362,25.17,306,21.27,132,20.12,145,21.93,91,15.45,331,21.19,162,23.45,347,34.61,45,15.47,195,17.4,46,9.01,133,20.97,321,27.68,46,20.63,109,17.15,144,13.51,215
2023,"Valparaiso",77.65,87,-0.02,169,1.04,61,1.49,30,0.52,120,-0.18,208,0.51,103,2.28,77,26.7,278,26.29,25,17.71,244,18.77,208,24.27,48,12.89,359,39.22,124,22.91,248,8.87,336,20.53,21,8.38,153,22.24,300,24.67,128,19.65,151,13.94,287,19.43,25
2023,"Vanderbilt",77.24,152,1.55,42,0.48,108,0.32,126,-0.66,267,-0.91,278,1.02,59,2.2,98,35.57,62,22.81,72,17.11,267,21.96,89,20.06,167,18.01,270,43.76,56,17.64,319,20.46,96,8.57,234,9.53,116,25.7,187,21.87,235,24.37,30,16.44,185,11.58,314
2023,"Vermont",76.51,278,-1.07,290,-1.47,340,-0.6,263,-0.09,194,0.37,151,-1.27,327,2.44,45,33.69,103,16.56,296,16.02,303,18.63,211,21.05,136,27.69,29,25.55,339,26.27,189,29.09,14,8.98,224,10.06,95,18.61,353,23.14,175,27.82,8,14.48,275,15.89,112
2023,"Villanova",77.54,101,-1.14,295,0.7,89,-0.12,207,0.76,82,2.11,22,-0.22,206,1.9,192,30.31,192,18.38,231,27.38,8,19.6,172,14.73,341,19.85,206,30.4,298,38.87,14,10.61,307,10.42,181,9.64,114,21.07,318,24.91,121,16.46,286,19.68,61,17.83,55
2023,"Virginia",76.58,262,0.57,113,-0.15,209,-0.93,299,0.12,168,-2.12,333,0.21,142,2.26,83,27.34,266,16.55,297,23.37,48,21.38,109,19.71,179,18.95,241,34.41,223,35.76,37,11.32,299,10.61,177,7.83,173,26.83,147,25.91,91,19.02,179,16.12,201,12.07,287
2023,"Virginia Tech",77.3,144,0.06,162,0.67,92,-0.06,189,0.11,169,0.31,158,0.37,122,1.93,181,24.62,320,26.1,27,22.07,79,15.31,313,14.21,349,22.26,132,38.04,154,28.9,133,20.22,105,6.79,301,5.99,279,26.68,155,25.54,106,15.89,299,15.94,211,15.89,111
2023,"Wagner",75.91,335,-1.53,328,-1.05,313,-1.06,319,-1.51,326,-0.71,263,-1.29,328,1.78,232,33.1,118,20.06,175,19.32,181,19.82,165,19.28,197,21.47,155,37.65,171,23.71,236,18.32,136,10.04,190,10.2,89,24.24,246,29.03,28,17.9,230,14.15,282,14.61,160
2023,"Wake Forest",77.78,69,2.39,12,3.05,1,0.39,120,-1.43,324,-0.91,278,2.72,4,1.79,228,27.14,271,14.92,335,16.67,283,23.33,57,18.79,215,26.24,45,36.3,193,32.67,72,11.89,289,12.06,139,6.98,224,25.05,205,23.8,158,21.73,78,15.94,212,13.41,224
2023,"Washington",78.07,49,2.37,13,0.05,158,1.35,39,0.8,75,0.37,152,1.21,43,2.13,112,27.18,269,19.06,202,22.34,74,20.72,127,17.59,266,20.28,186,43.75,57,17.88,316,20,111,5.91,322,12.42,47,29.09,84,23.06,179,20.91,100,14.83,260,12.08,286
2023,"Washington St.",78.83,11,1.62,38,-0.05,192,0.94,59,2.76,2,3.45,3,0.79,83,1.68,258,27.37,264,23.91,50,15.16,323,18.93,200,18.06,241,23.94,94,42.85,66,21.63,265,16.6,177,8.79,228,10.13,93,27.35,132,18.6,326,18.13,216,19.11,78,16.82,80
2023,"Weber St.",77.59,93,1.13,72,-0.45,250,0.53,111,0.42,130,0.9,102,0.34,129,1.58,280,30.89,181,16.65,293,19.78,162,26.67,10,21.44,122,15.4,334,53.51,8,14.48,345,16.65,175,8.52,238,6.76,238,18.33,358,21.55,246,40.59,1,9.41,361,10.05,347
2023,"West Virginia",77.42,120,0.46,122,1.28,37,0.34,125,-0.11,198,-0.27,216,0.87,73,2.57,23,31.05,177,17.12,275,17.81,239,25.22,25,19.35,193,20.44,183,46.56,32,22.89,250,11.1,301,7.57,284,11.8,53,26.38,167,26.44,72,19.67,150,13.38,304,14.06,190
2023,"Western Carolina",75.65,346,-1.01,286,0.13,152,-0.19,215,-1.98,339,-4.1,357,-0.44,230,2.37,62,22.53,340,22.95,69,15.88,307,21.53,104,22.5,86,17.09,293,47.27,27,22.43,258,19.61,119,7.19,292,3.4,349,27.86,115,18.34,332,26.27,14,15.51,230,11.95,296
2023,"Western Illinois",76.85,218,-1.26,305,-0.39,240,-0.62,266,-0.09,195,1.21,71,-0.82,296,2.42,50,19.19,354,15.34,328,18.81,205,17.96,240,19.25,199,28.62,15,19.59,360,30.31,111,32.28,4,10.03,192,7.78,176,15.81,363,20.81,276,27.6,9,13.51,300,22.25,5
2023,"Western Kentucky",78.84,10,5.45,1,1.05,50,1.73,17,0.28,147,0.25,162,3.25,2,2.57,24,32.06,145,16.79,289,18.6,213,19.13,191,18.25,235,27.2,34,32.29,270,19.32,301,20.8,88,5.84,326,21.7,1,28.49,103,19.91,301,22.62,53,12.14,338,16.79,82
2023,"Western Michigan",76.9,209,-1.24,304,-0.4,243,-0.23,221,0.76,82,0.23,169,-0.82,295,1.67,260,31.16,175,18.91,207,18.92,201,17.35,264,17.66,263,27.16,35,34.84,217,30.04,119,9.44,328,18.32,36,7.35,198,31.23,45,31.69,9,13.19,354,13.03,317,10.86,332
2023,"Wichita St.",77.47,115,1.06,77,-0.23,215,0.62,96,0.22,155,0.24,165,0.42,112,1.91,183,29.69,209,16.74,290,21.41,100,21.96,88,17.28,281,22.58,120,34.95,215,20.83,280,20.39,100,7.75,278,16.01,16,19.45,348,21.42,253,24.76,26,12.31,334,22.03,7
2023,"William & Mary",77.15,166,-0.32,207,-0.04,188,0.11,151,0.41,135,0.17,172,-0.18,200,1.8,225,35.52,64,23.54,58,20.47,133,19.71,168,14.37,347,21.87,146,43.13,63,22.74,255,22.39,71,8.54,237,3.16,352,25.18,203,20.85,272,20,141,18.17,105,15.77,116
2023,"Winthrop",76.75,229,-1.91,349,0.05,158,0.68,86,-0.68,270,0.22,170,-0.93,307,2.05,136,24.4,323,11.2,363,24.63,31,22.29,83,19.55,184,22.32,129,27.01,328,32.13,82,28.52,16,9.78,199,2.53,360,20.88,322,29.24,26,22.81,51,14.83,259,12.22,277
2023,"Wisconsin",77.65,84,2.07,18,0.95,67,-1.06,306,0.05,178,0.83,106,1.51,32,1.66,262,25.26,304,23.09,65,16.24,296,20.16,149,19.11,202,21.36,159,29.62,310,31.99,86,20.46,98,8.1,258,9.8,106,30.91,49,19.87,302,20.62,111,15.13,248,13.42,222
2023,"Wofford",77.13,169,-0.9,275,-0.39,238,-0.33,232,-0.24,206,2.09,23,-0.65,261,1.28,332,32.22,137,27.25,19,16.75,277,16.12,299,16.79,298,23.03,109,35.9,199,25.52,202,24.7,42,7.18,293,6.61,245,28.94,87,23.59,167,17.97,225,15.29,239,14.16,184
2023,"Wright St.",76.32,307,-0.63,238,-0.25,220,-0.26,225,-1.77,333,-0.91,278,-0.44,232,1.8,224,29.5,215,22.5,87,18.92,200,14.53,334,16.25,320,27.79,26,39.69,114,24.69,225,20.26,102,10.29,184,5.06,314,28.49,102,24.17,145,17.52,242,17.46,135,12.34,271
2023,"Wyoming",78.55,22,1.07,75,0.95,68,1.94,9,1.92,17,1.46,51,1.01,60,2.1,119,35.66,59,13.27,356,20.68,122,21.38,110,20.21,162,24.39,81,36.86,184,17.01,326,21.66,79,12.7,126,11.69,54,24.38,240,20.79,277,18.38,208,17.77,121,18.61,39
2023,"Xavier",78.4,26,2,20,1.14,43,0.65,92,0.89,68,1.92,33,1.57,28,2.49,38,25.32,302,22.74,75,21.05,111,18.95,199,16.39,316,20.86,174,41.23,91,34.61,44,14.99,210,4.02,354,5.11,311,27.1,138,24.22,140,18.29,210,14.26,280,16.11,104
2023,"Yale",77.51,108,-0.81,263,-0.41,244,-0.09,200,0.76,82,2.68,13,-0.61,253,1.77,234,31.34,171,21.44,123,22.18,78,20.87,122,19.38,190,16.09,317,39.72,111,25.05,213,12.61,274,9.45,211,13.1,39,23.2,278,20.97,267,16.52,285,17.27,139,21.98,8
2023,"Youngstown St.",76.59,258,-1.31,316,0.05,158,-0.8,283,-0.96,290,0.58,130,-0.63,258,2.67,12,24.84,315,19.47,193,21.26,103,17.5,258,17.67,262,24.09,90,37.86,165,33.86,53,15.43,196,5.52,332,7.32,204,33.88,17,26.59,69,13.02,357,10.74,353,15.76,117
